"Date","IUDMNPY","IUDSNPY"
"14 Jun 22","2.5249","2.2518"
"13 Jun 22","2.4819","2.2438"
"10 Jun 22","2.4046","2.1649"
"09 Jun 22","2.2972","2.0073"
"08 Jun 22","2.2207","1.9146"
"07 Jun 22","2.1854","1.9057"
"06 Jun 22","2.2435","1.9372"
"01 Jun 22","2.1294","1.8093"
"31 May 22","2.1072","1.7627"
"30 May 22","1.9786","1.6792"
"27 May 22","1.9216","1.6144"
"26 May 22","1.9727","1.668"
"25 May 22","1.8999","1.6199"
"24 May 22","1.8746","1.601"
"23 May 22","1.984","1.7232"
"20 May 22","1.8993","1.6464"
"19 May 22","1.8793","1.629"
"18 May 22","1.8659","1.6111"
"17 May 22","1.8839","1.6157"
"16 May 22","1.7388","1.4099"
"13 May 22","1.7448","1.4103"
"12 May 22","1.7028","1.3688"
"11 May 22","1.8623","1.519"
"10 May 22","1.8438","1.518"
"09 May 22","1.9488","1.6117"
"06 May 22","2.0088","1.7107"
"05 May 22","1.9651","1.6976"
"04 May 22","1.9901","1.7673"
"03 May 22","1.9722","1.7488"
"29 Apr 22","1.9376","1.7111"
"28 Apr 22","1.8892","1.6612"
"27 Apr 22","1.8347","1.6144"
"26 Apr 22","1.8123","1.6017"
"25 Apr 22","1.8692","1.6633"
"22 Apr 22","1.9767","1.7558"
"21 Apr 22","1.9958","1.8198"
"20 Apr 22","1.9321","1.694"
"19 Apr 22","2.0018","1.7299"
"14 Apr 22","1.899","1.6456"
"13 Apr 22","1.8443","1.5904"
"12 Apr 22","1.8189","1.6026"
"11 Apr 22","1.8555","1.65"
"08 Apr 22","1.8111","1.5446"
"07 Apr 22","1.7843","1.5508"
"06 Apr 22","1.7691","1.5583"
"05 Apr 22","1.7111","1.5009"
"04 Apr 22","1.6199","1.4171"
"01 Apr 22","1.5251","1.4249"
"31 Mar 22","1.6696","1.422"
"30 Mar 22","1.6946","1.4328"
"29 Mar 22","1.693","1.429"
"28 Mar 22","1.6646","1.4196"
"25 Mar 22","1.7315","1.463"
"24 Mar 22","1.6858","1.3956"
"23 Mar 22","1.7071","1.4354"
"22 Mar 22","1.7051","1.4664"
"21 Mar 22","1.6378","1.3594"
"18 Mar 22","1.5289","1.2353"
"17 Mar 22","1.5911","1.3505"
"16 Mar 22","1.6552","1.3996"
"15 Mar 22","1.6164","1.3615"
"14 Mar 22","1.6167","1.4171"
"11 Mar 22","1.5403","1.3401"
"10 Mar 22","1.5594","1.3456"
"09 Mar 22","1.5345","1.3421"
"08 Mar 22","1.4346","1.263"
"07 Mar 22","1.3179","1.1145"
"04 Mar 22","1.2186","1.0091"
"03 Mar 22","1.3338","1.1404"
"02 Mar 22","1.2703","1.0723"
"01 Mar 22","1.1453","0.8821"
"28 Feb 22","1.4233","1.1505"
"25 Feb 22","1.4804","1.2115"
"24 Feb 22","1.4868","1.2518"
"23 Feb 22","1.5395","1.2839"
"22 Feb 22","1.5134","1.2971"
"21 Feb 22","1.4648","1.2365"
"18 Feb 22","1.4593","1.2436"
"17 Feb 22","1.5255","1.2903"
"16 Feb 22","1.5806","1.3633"
"15 Feb 22","1.6062","1.4639"
"14 Feb 22","1.6179","1.4264"
"11 Feb 22","1.5874","1.3799"
"10 Feb 22","1.5719","1.3595"
"09 Feb 22","1.4716","1.2592"
"08 Feb 22","1.5434","1.3309"
"07 Feb 22","1.463","1.2691"
"04 Feb 22","1.4391","1.2493"
"03 Feb 22","1.3968","1.2064"
"02 Feb 22","1.2765","1.0807"
"01 Feb 22","1.3344","1.1243"
"31 Jan 22","1.3348","1.1161"
"28 Jan 22","1.2658","1.0454"
"27 Jan 22","1.2588","1.0409"
"26 Jan 22","1.2292","1.0046"
"25 Jan 22","1.1771","0.9631"
"24 Jan 22","1.1525","0.9415"
"21 Jan 22","1.1964","0.9705"
"20 Jan 22","1.2468","1.0092"
"19 Jan 22","1.2939","1.0465"
"18 Jan 22","1.2381","0.9942"
"17 Jan 22","1.2015","0.9573"
"14 Jan 22","1.1673","0.9224"
"13 Jan 22","1.1474","0.9038"
"12 Jan 22","1.1839","0.944"
"11 Jan 22","1.2063","0.9635"
"10 Jan 22","1.2208","0.9694"
"07 Jan 22","1.1948","0.9437"
"06 Jan 22","1.1712","0.925"
"05 Jan 22","1.1028","0.8639"
"04 Jan 22","1.1133","0.8617"
"31 Dec 21","1.013","0.7725"
"30 Dec 21","0.9821","0.7547"
"29 Dec 21","1.0112","0.7818"
"24 Dec 21","0.9206","0.7115"
"23 Dec 21","0.9414","0.7192"
"22 Dec 21","0.8951","0.6874"
"21 Dec 21","0.9204","0.6737"
"20 Dec 21","0.8124","0.5783"
"17 Dec 21","0.8103","0.5739"
"16 Dec 21","0.7805","0.552"
"15 Dec 21","0.764","0.5196"
"14 Dec 21","0.7546","0.5001"
"13 Dec 21","0.7301","0.4743"
"10 Dec 21","0.7382","0.4865"
"09 Dec 21","0.7615","0.5087"
"08 Dec 21","0.7661","0.5266"
"07 Dec 21","0.7407","0.5204"
"06 Dec 21","0.7543","0.5295"
"03 Dec 21","0.797","0.5598"
"02 Dec 21","0.8291","0.5894"
"01 Dec 21","0.865","0.6239"
"30 Nov 21","0.841","0.5894"
"29 Nov 21","0.857","0.5865"
"26 Nov 21","0.8224","0.5515"
"25 Nov 21","0.9838","0.7028"
"24 Nov 21","1.025","0.7348"
"23 Nov 21","0.9864","0.7068"
"22 Nov 21","0.9457","0.6531"
"19 Nov 21","0.8933","0.6092"
"18 Nov 21","0.9422","0.6542"
"17 Nov 21","0.9877","0.6961"
"16 Nov 21","0.9825","0.701"
"15 Nov 21","0.959","0.6752"
"12 Nov 21","0.9229","0.6456"
"11 Nov 21","0.9279","0.6667"
"10 Nov 21","0.9353","0.6785"
"09 Nov 21","0.8135","0.5639"
"08 Nov 21","0.8435","0.5494"
"05 Nov 21","0.8308","0.538"
"04 Nov 21","0.9511","0.6328"
"03 Nov 21","1.0865","0.8042"
"02 Nov 21","1.0458","0.7656"
"01 Nov 21","1.0836","0.82"
"29 Oct 21","1.0507","0.8074"
"28 Oct 21","0.9709","0.7232"
"27 Oct 21","0.9554","0.684"
"26 Oct 21","1.0971","0.781"
"25 Oct 21","1.1229","0.8047"
"22 Oct 21","1.1467","0.8366"
"21 Oct 21","1.1872","0.8651"
"20 Oct 21","1.1311","0.825"
"19 Oct 21","1.1307","0.8447"
"18 Oct 21","1.1096","0.8254"
"15 Oct 21","1.0748","0.7438"
"14 Oct 21","1.0172","0.6937"
"13 Oct 21","1.0517","0.7212"
"12 Oct 21","1.132","0.7691"
"11 Oct 21","1.1717","0.7958"
"08 Oct 21","1.1507","0.764"
"07 Oct 21","1.0715","0.6928"
"06 Oct 21","1.0674","0.6868"
"05 Oct 21","1.0821","0.6783"
"04 Oct 21","1.0031","0.5998"
"01 Oct 21","1.0184","0.6221"
"30 Sep 21","1.0313","0.6282"
"29 Sep 21","0.9821","0.5907"
"28 Sep 21","0.9899","0.6003"
"27 Sep 21","0.9491","0.5727"
"24 Sep 21","0.9243","0.5628"
"23 Sep 21","0.8902","0.5474"
"22 Sep 21","0.7923","0.4381"
"21 Sep 21","0.791","0.4346"
"20 Sep 21","0.7942","0.4325"
"17 Sep 21","0.8428","0.4764"
"16 Sep 21","0.7966","0.4447"
"15 Sep 21","0.7499","0.4036"
"14 Sep 21","0.7278","0.3804"
"13 Sep 21","0.7349","0.3777"
"10 Sep 21","0.7343","0.3706"
"09 Sep 21","0.7281","0.3684"
"08 Sep 21","0.7186","0.3435"
"07 Sep 21","0.7275","0.3437"
"06 Sep 21","0.6825","0.3119"
"03 Sep 21","0.7031","0.3281"
"02 Sep 21","0.6734","0.3144"
"01 Sep 21","0.6867","0.3272"
"31 Aug 21","0.7103","0.3487"
"27 Aug 21","0.6663","0.3196"
"26 Aug 21","0.6779","0.3297"
"25 Aug 21","0.6782","0.3331"
"24 Aug 21","0.6196","0.2947"
"23 Aug 21","0.6201","0.2869"
"20 Aug 21","0.6067","0.2686"
"19 Aug 21","0.6184","0.292"
"18 Aug 21","0.6439","0.3171"
"17 Aug 21","0.6366","0.3216"
"16 Aug 21","0.6469","0.3205"
"13 Aug 21","0.6547","0.3253"
"12 Aug 21","0.6725","0.3372"
"11 Aug 21","0.6513","0.3158"
"10 Aug 21","0.6537","0.3261"
"09 Aug 21","0.6493","0.3114"
"06 Aug 21","0.6892","0.3356"
"05 Aug 21","0.599","0.2568"
"04 Aug 21","0.6093","0.2615"
"03 Aug 21","0.5959","0.2435"
"02 Aug 21","0.6244","0.2614"
"30 Jul 21","0.6471","0.2835"
"29 Jul 21","0.648","0.2912"
"28 Jul 21","0.6497","0.2976"
"27 Jul 21","0.6423","0.2964"
"26 Jul 21","0.6498","0.2982"
"23 Jul 21","0.6631","0.3037"
"22 Jul 21","0.646","0.2862"
"21 Jul 21","0.679","0.318"
"20 Jul 21","0.6285","0.2825"
"19 Jul 21","0.634","0.2767"
"16 Jul 21","0.7118","0.3456"
"15 Jul 21","0.7543","0.3819"
"14 Jul 21","0.7112","0.318"
"13 Jul 21","0.7057","0.303"
"12 Jul 21","0.7307","0.312"
"09 Jul 21","0.7484","0.32"
"08 Jul 21","0.6824","0.2688"
"07 Jul 21","0.6843","0.2674"
"06 Jul 21","0.7205","0.2856"
"05 Jul 21","0.804","0.3378"
"02 Jul 21","0.7957","0.3404"
"01 Jul 21","0.8174","0.3569"
"30 Jun 21","0.8229","0.3658"
"29 Jun 21","0.8229","0.3658"
"28 Jun 21","0.821","0.3725"
"25 Jun 21","0.862","0.3957"
"24 Jun 21","0.8299","0.3734"
"23 Jun 21","0.8678","0.4082"
"22 Jun 21","0.8667","0.4126"
"21 Jun 21","0.8458","0.4047"
"18 Jun 21","0.8404","0.4039"
"17 Jun 21","0.8764","0.4114"
"16 Jun 21","0.8371","0.3537"
"15 Jun 21","0.8506","0.3582"
"14 Jun 21","0.8261","0.3344"
"11 Jun 21","0.8032","0.3165"
"10 Jun 21","0.8454","0.3521"
"09 Jun 21","0.8256","0.3329"
"08 Jun 21","0.8648","0.3569"
"07 Jun 21","0.8961","0.3782"
"04 Jun 21","0.8824","0.3612"
"03 Jun 21","0.9198","0.3866"
"02 Jun 21","0.8875","0.3612"
"01 Jun 21","0.9142","0.3856"
"28 May 21","0.8741","0.358"
"27 May 21","0.8949","0.3685"
"26 May 21","0.8389","0.3187"
"25 May 21","0.8772","0.3386"
"24 May 21","0.8998","0.3549"
"21 May 21","0.9243","0.3748"
"20 May 21","0.9304","0.3803"
"19 May 21","0.9275","0.3831"
"18 May 21","0.946","0.3992"
"17 May 21","0.9508","0.403"
"14 May 21","0.9488","0.4055"
"13 May 21","0.9813","0.4298"
"12 May 21","0.9672","0.4207"
"11 May 21","0.9176","0.3677"
"10 May 21","0.8654","0.3267"
"07 May 21","0.8416","0.3087"
"06 May 21","0.8628","0.3314"
"05 May 21","0.8923","0.3662"
"04 May 21","0.8693","0.3534"
"30 Apr 21","0.9139","0.3963"
"29 Apr 21","0.9176","0.3938"
"28 Apr 21","0.871","0.3622"
"27 Apr 21","0.844","0.3475"
"26 Apr 21","0.8307","0.3338"
"23 Apr 21","0.8242","0.3217"
"22 Apr 21","0.8068","0.314"
"21 Apr 21","0.8225","0.3239"
"20 Apr 21","0.8116","0.3199"
"19 Apr 21","0.8331","0.331"
"16 Apr 21","0.8424","0.3366"
"15 Apr 21","0.8056","0.3133"
"14 Apr 21","0.8838","0.3696"
"13 Apr 21","0.8631","0.3555"
"12 Apr 21","0.8704","0.3591"
"09 Apr 21","0.8549","0.3593"
"08 Apr 21","0.8356","0.3419"
"07 Apr 21","0.8607","0.3632"
"06 Apr 21","0.8675","0.3665"
"01 Apr 21","0.8711","0.3633"
"31 Mar 21","0.9108","0.3888"
"30 Mar 21","0.9065","0.3778"
"29 Mar 21","0.8582","0.3413"
"26 Mar 21","0.824","0.3213"
"25 Mar 21","0.8044","0.3079"
"24 Mar 21","0.8218","0.3211"
"23 Mar 21","0.8365","0.3211"
"22 Mar 21","0.8885","0.3627"
"19 Mar 21","0.9099","0.3813"
"18 Mar 21","0.9429","0.4076"
"17 Mar 21","0.9005","0.3943"
"16 Mar 21","0.8549","0.3593"
"15 Mar 21","0.8605","0.359"
"12 Mar 21","0.8911","0.3768"
"11 Mar 21","0.8098","0.3283"
"10 Mar 21","0.782","0.3129"
"09 Mar 21","0.7886","0.3243"
"08 Mar 21","0.8148","0.3419"
"05 Mar 21","0.8315","0.3619"
"04 Mar 21","0.7946","0.3221"
"03 Mar 21","0.8313","0.3417"
"02 Mar 21","0.7644","0.2951"
"01 Mar 21","0.8224","0.344"
"26 Feb 21","0.8767","0.393"
"25 Feb 21","0.845","0.3483"
"24 Feb 21","0.8229","0.2863"
"23 Feb 21","0.7776","0.2681"
"22 Feb 21","0.738","0.2633"
"19 Feb 21","0.7429","0.2703"
"18 Feb 21","0.6814","0.2132"
"17 Feb 21","0.6571","0.174"
"16 Feb 21","0.6999","0.2034"
"15 Feb 21","0.6265","0.1639"
"12 Feb 21","0.5626","0.1537"
"11 Feb 21","0.5161","0.1208"
"10 Feb 21","0.5316","0.1369"
"09 Feb 21","0.5112","0.1257"
"08 Feb 21","0.5319","0.1426"
"05 Feb 21","0.5388","0.1488"
"04 Feb 21","0.4855","0.112"
"03 Feb 21","0.4385","0.0612"
"02 Feb 21","0.4469","0.0428"
"01 Feb 21","0.4129","0.0196"
"29 Jan 21","0.4196","0.0187"
"28 Jan 21","0.3699","0.0012"
"27 Jan 21","0.3623","-0.0224"
"26 Jan 21","0.3528","-0.0139"
"25 Jan 21","0.3439","-0.0275"
"22 Jan 21","0.3832","0.0157"
"21 Jan 21","0.4101","0.026"
"20 Jan 21","0.3538","0.0015"
"19 Jan 21","0.3613","0.0054"
"18 Jan 21","0.4079","-0.0053"
"15 Jan 21","0.3732","-0.0058"
"14 Jan 21","0.385","0.0166"
"13 Jan 21","0.4082","0.0278"
"12 Jan 21","0.4395","0.0624"
"11 Jan 21","0.4101","0.0283"
"08 Jan 21","0.3595","0.0086"
"07 Jan 21","0.3732","-0.0058"
"06 Jan 21","0.295","-0.0448"
"05 Jan 21","0.2771","-0.0655"
"04 Jan 21","0.2578","-0.0494"
"31 Dec 20","0.2513","-0.0503"
"30 Dec 20","0.2711","-0.0423"
"29 Dec 20","0.2688","-0.0442"
"24 Dec 20","0.3191","-0.0199"
"23 Dec 20","0.3759","0.0163"
"22 Dec 20","0.2546","-0.0763"
"21 Dec 20","0.2688","-0.0674"
"18 Dec 20","0.3225","-0.0239"
"17 Dec 20","0.3343","-0.004"
"16 Dec 20","0.3412","0.0134"
"15 Dec 20","0.3141","-0.0255"
"14 Dec 20","0.3225","-0.0365"
"11 Dec 20","0.2193","-0.0842"
"10 Dec 20","0.247","-0.0619"
"09 Dec 20","0.3185","-0.0182"
"08 Dec 20","0.3277","-0.0069"
"07 Dec 20","0.363","0.0036"
"04 Dec 20","0.4113","0.0556"
"03 Dec 20","0.4017","0.0506"
"02 Dec 20","0.4183","0.0589"
"01 Dec 20","0.4192","0.0715"
"30 Nov 20","0.3639","0.0368"
"27 Nov 20","0.3691","0.0309"
"26 Nov 20","0.3648","0.0235"
"25 Nov 20","0.3754","0.0303"
"24 Nov 20","0.3779","0.043"
"23 Nov 20","0.3803","0.0354"
"20 Nov 20","0.4324","0.0289"
"19 Nov 20","0.3752","0.035"
"18 Nov 20","0.425","0.0508"
"17 Nov 20","0.4055","0.036"
"16 Nov 20","0.4312","0.0472"
"13 Nov 20","0.4034","0.0362"
"12 Nov 20","0.4324","0.0289"
"11 Nov 20","0.4616","0.0851"
"10 Nov 20","0.4687","0.0665"
"09 Nov 20","0.4402","0.0582"
"06 Nov 20","0.3431","-0.0092"
"05 Nov 20","0.2948","-0.0339"
"04 Nov 20","0.2772","-0.0502"
"03 Nov 20","0.338","-0.0147"
"02 Nov 20","0.2966","-0.0596"
"30 Oct 20","0.3074","-0.0467"
"29 Oct 20","0.2724","-0.0658"
"28 Oct 20","0.2725","-0.0602"
"27 Oct 20","0.2995","-0.0298"
"26 Oct 20","0.3628","0.0068"
"23 Oct 20","0.3347","-0.0111"
"22 Oct 20","0.3548","-0.0034"
"21 Oct 20","0.309","-0.0459"
"20 Oct 20","0.2408","-0.068"
"19 Oct 20","0.2218","-0.0794"
"16 Oct 20","0.2441","-0.0739"
"15 Oct 20","0.2378","-0.0777"
"14 Oct 20","0.2656","-0.0443"
"13 Oct 20","0.289","-0.0618"
"12 Oct 20","0.3446","-0.012"
"09 Oct 20","0.3348","-0.0298"
"08 Oct 20","0.3606","-0.0013"
"07 Oct 20","0.3776","0.0087"
"06 Oct 20","0.3615","-0.0118"
"05 Oct 20","0.3508","-0.0191"
"02 Oct 20","0.3184","-0.0401"
"01 Oct 20","0.2674","-0.0635"
"30 Sep 20","0.2774","-0.0503"
"29 Sep 20","0.2243","-0.0766"
"28 Sep 20","0.2491","-0.0668"
"25 Sep 20","0.2283","-0.0814"
"24 Sep 20","0.2616","-0.0724"
"23 Sep 20","0.2745","-0.0431"
"22 Sep 20","0.2598","-0.0642"
"21 Sep 20","0.2233","-0.13"
"18 Sep 20","0.2202","-0.1142"
"17 Sep 20","0.2532","-0.1065"
"16 Sep 20","0.2803","-0.0316"
"15 Sep 20","0.265","-0.0604"
"14 Sep 20","0.2743","-0.0774"
"11 Sep 20","0.2438","-0.1363"
"10 Sep 20","0.3099","-0.0715"
"09 Sep 20","0.3135","-0.0569"
"08 Sep 20","0.2343","-0.1199"
"07 Sep 20","0.2946","-0.0507"
"04 Sep 20","0.3039","-0.0644"
"03 Sep 20","0.3138","-0.0528"
"02 Sep 20","0.3139","-0.0637"
"01 Sep 20","0.3872","-0.028"
"28 Aug 20","0.3763","-0.0211"
"27 Aug 20","0.3926","0.0371"
"26 Aug 20","0.3806","0.0152"
"25 Aug 20","0.3223","0.0044"
"24 Aug 20","0.276","-0.0345"
"21 Aug 20","0.2958","-0.054"
"20 Aug 20","0.2927","-0.0242"
"19 Aug 20","0.2927","-0.0216"
"18 Aug 20","0.2757","-0.0357"
"17 Aug 20","0.2906","-0.0446"
"14 Aug 20","0.2958","-0.0198"
"13 Aug 20","0.2938","-0.0152"
"12 Aug 20","0.3008","-0.0048"
"11 Aug 20","0.2521","-0.0252"
"10 Aug 20","0.2205","-0.0577"
"07 Aug 20","0.2292","-0.0594"
"06 Aug 20","0.1723","-0.0874"
"05 Aug 20","0.2062","-0.1044"
"04 Aug 20","0.1239","-0.1349"
"03 Aug 20","0.1434","-0.1263"
"31 Jul 20","0.1702","-0.1426"
"30 Jul 20","0.1379","-0.1388"
"29 Jul 20","0.1599","-0.1153"
"28 Jul 20","0.2058","-0.0818"
"27 Jul 20","0.1864","-0.137"
"24 Jul 20","0.2014","-0.1063"
"23 Jul 20","0.1949","-0.1269"
"22 Jul 20","0.1859","-0.1063"
"21 Jul 20","0.2089","-0.0885"
"20 Jul 20","0.2112","-0.0934"
"17 Jul 20","0.1977","-0.0784"
"16 Jul 20","0.1824","-0.0944"
"15 Jul 20","0.2519","-0.0437"
"14 Jul 20","0.2056","-0.102"
"13 Jul 20","0.2431","-0.0547"
"10 Jul 20","0.2193","-0.0791"
"09 Jul 20","0.2217","-0.0551"
"08 Jul 20","0.2499","-0.029"
"07 Jul 20","0.2196","-0.0475"
"06 Jul 20","0.2231","-0.0524"
"03 Jul 20","0.2422","-0.0631"
"02 Jul 20","0.228","-0.07"
"01 Jul 20","0.2703","-0.0376"
"30 Jun 20","0.2074","-0.0702"
"29 Jun 20","0.2145","-0.0407"
"26 Jun 20","0.2446","-0.0245"
"25 Jun 20","0.2333","-0.0267"
"24 Jun 20","0.242","-0.0432"
"23 Jun 20","0.2913","0.0049"
"22 Jun 20","0.2443","-0.0534"
"19 Jun 20","0.2675","-0.0116"
"18 Jun 20","0.3064","0.0053"
"17 Jun 20","0.2357","-0.006"
"16 Jun 20","0.2153","-0.0104"
"15 Jun 20","0.2642","0.0003"
"12 Jun 20","0.2976","0.0508"
"11 Jun 20","0.247","0.0002"
"10 Jun 20","0.2847","0.0038"
"09 Jun 20","0.3401","0.0463"
"08 Jun 20","0.4048","0.0862"
"05 Jun 20","0.3877","0.0782"
"04 Jun 20","0.3464","0.0551"
"03 Jun 20","0.3049","0.0486"
"02 Jun 20","0.2689","-0.0227"
"01 Jun 20","0.2671","0.0164"
"29 May 20","0.2292","-0.02"
"28 May 20","0.2122","-0.0336"
"27 May 20","0.2173","-0.019"
"26 May 20","0.2532","0.0025"
"22 May 20","0.2083","-0.0368"
"21 May 20","0.2072","-0.0237"
"20 May 20","0.3355","0.027"
"19 May 20","0.3202","0.0511"
"18 May 20","0.3118","0.038"
"15 May 20","0.2807","0.0406"
"14 May 20","0.2976","0.0508"
"13 May 20","0.2577","0.0243"
"12 May 20","0.2855","0.0975"
"11 May 20","0.2726","0.0451"
"07 May 20","0.325","0.1059"
"06 May 20","0.2519","0.0547"
"05 May 20","0.3072","0.0814"
"04 May 20","0.3072","0.0814"
"01 May 20","0.3321","0.1047"
"30 Apr 20","0.325","0.1059"
"29 Apr 20","0.325","0.1059"
"28 Apr 20","0.3285","0.107"
"27 Apr 20","0.3446","0.125"
"24 Apr 20","0.3224","0.1098"
"23 Apr 20","0.3194","0.1001"
"22 Apr 20","0.3394","0.1189"
"21 Apr 20","0.3129","0.1049"
"20 Apr 20","0.4335","0.1711"
"17 Apr 20","0.3406","0.1166"
"16 Apr 20","0.33","0.0831"
"15 Apr 20","0.3379","0.0817"
"14 Apr 20","0.3627","0.1059"
"09 Apr 20","0.3315","0.0933"
"08 Apr 20","0.4452","0.1709"
"07 Apr 20","0.4325","0.1844"
"06 Apr 20","0.3757","0.1163"
"03 Apr 20","0.3701","0.1106"
"02 Apr 20","0.3859","0.1228"
"01 Apr 20","0.3917","0.1214"
"31 Mar 20","0.419","0.1548"
"30 Mar 20","0.3625","0.1374"
"27 Mar 20","0.3807","0.1449"
"26 Mar 20","0.4337","0.1458"
"25 Mar 20","0.4572","0.1616"
"24 Mar 20","0.4613","0.1808"
"23 Mar 20","0.4119","0.1552"
"20 Mar 20","0.5839","0.2342"
"19 Mar 20","0.8619","0.4838"
"18 Mar 20","0.8534","0.5187"
"17 Mar 20","0.6402","0.3908"
"16 Mar 20","0.5571","0.3405"
"13 Mar 20","0.4789","0.2835"
"12 Mar 20","0.3558","0.1996"
"11 Mar 20","0.3732","0.1624"
"10 Mar 20","0.2368","0.1049"
"09 Mar 20","0.2145","0.0697"
"06 Mar 20","0.2666","0.0652"
"05 Mar 20","0.4038","0.1605"
"04 Mar 20","0.4451","0.2017"
"03 Mar 20","0.464","0.2245"
"02 Mar 20","0.4788","0.2509"
"28 Feb 20","0.5035","0.2822"
"27 Feb 20","0.5283","0.3083"
"26 Feb 20","0.5653","0.3428"
"25 Feb 20","0.5649","0.3627"
"24 Feb 20","0.5954","0.392"
"21 Feb 20","0.6483","0.4304"
"20 Feb 20","0.6485","0.4383"
"19 Feb 20","0.6734","0.452"
"18 Feb 20","0.6854","0.4458"
"17 Feb 20","0.714","0.4879"
"14 Feb 20","0.689","0.4688"
"13 Feb 20","0.7106","0.482"
"12 Feb 20","0.6817","0.4537"
"11 Feb 20","0.6348","0.4128"
"10 Feb 20","0.6236","0.3896"
"07 Feb 20","0.6374","0.4016"
"06 Feb 20","0.658","0.4154"
"05 Feb 20","0.6671","0.4224"
"04 Feb 20","0.6278","0.3937"
"03 Feb 20","0.6021","0.3812"
"31 Jan 20","0.6128","0.401"
"30 Jan 20","0.6128","0.401"
"29 Jan 20","0.5935","0.3671"
"28 Jan 20","0.6118","0.3769"
"27 Jan 20","0.5713","0.3336"
"24 Jan 20","0.6237","0.382"
"23 Jan 20","0.6632","0.381"
"22 Jan 20","0.7099","0.4266"
"21 Jan 20","0.7042","0.4188"
"20 Jan 20","0.7156","0.4256"
"17 Jan 20","0.6954","0.3995"
"16 Jan 20","0.7046","0.4035"
"15 Jan 20","0.7095","0.4283"
"14 Jan 20","0.7637","0.4911"
"13 Jan 20","0.8084","0.5119"
"10 Jan 20","0.8261","0.5042"
"09 Jan 20","0.8791","0.5979"
"08 Jan 20","0.8502","0.6587"
"07 Jan 20","0.8133","0.5749"
"06 Jan 20","0.7874","0.546"
"03 Jan 20","0.8094","0.5349"
"02 Jan 20","0.8523","0.5519"
"31 Dec 19","0.9129","0.5496"
"30 Dec 19","0.8894","0.6113"
"27 Dec 19","0.8148","0.5518"
"24 Dec 19","0.8352","0.5506"
"23 Dec 19","0.8051","0.5447"
"20 Dec 19","0.8546","0.5577"
"19 Dec 19","0.8724","0.5903"
"18 Dec 19","0.8077","0.5446"
"17 Dec 19","0.7888","0.5196"
"16 Dec 19","0.9003","0.6285"
"13 Dec 19","0.8617","0.5709"
"12 Dec 19","0.907","0.6122"
"11 Dec 19","0.8099","0.537"
"10 Dec 19","0.8267","0.5488"
"09 Dec 19","0.8138","0.553"
"06 Dec 19","0.7751","0.5449"
"05 Dec 19","0.8387","0.5708"
"04 Dec 19","0.7845","0.5337"
"03 Dec 19","0.7292","0.477"
"02 Dec 19","0.7875","0.5337"
"29 Nov 19","0.7387","0.4961"
"28 Nov 19","0.7205","0.4635"
"27 Nov 19","0.7253","0.463"
"26 Nov 19","0.6916","0.427"
"25 Nov 19","0.7432","0.4693"
"22 Nov 19","0.7993","0.5305"
"21 Nov 19","0.7993","0.5305"
"20 Nov 19","0.7702","0.5083"
"19 Nov 19","0.7739","0.5086"
"18 Nov 19","0.7773","0.514"
"15 Nov 19","0.762","0.4699"
"14 Nov 19","0.7508","0.461"
"13 Nov 19","0.785","0.5144"
"12 Nov 19","0.8128","0.5395"
"11 Nov 19","0.8181","0.5271"
"08 Nov 19","0.8181","0.5271"
"07 Nov 19","0.7925","0.494"
"06 Nov 19","0.7602","0.497"
"05 Nov 19","0.7917","0.5079"
"04 Nov 19","0.7401","0.4574"
"01 Nov 19","0.6939","0.4433"
"31 Oct 19","0.653","0.4053"
"30 Oct 19","0.7107","0.4475"
"29 Oct 19","0.7446","0.4786"
"28 Oct 19","0.746","0.4825"
"25 Oct 19","0.6917","0.4205"
"24 Oct 19","0.6564","0.3921"
"23 Oct 19","0.7054","0.4496"
"22 Oct 19","0.7319","0.4616"
"21 Oct 19","0.7748","0.5089"
"18 Oct 19","0.7354","0.4656"
"17 Oct 19","0.7205","0.4431"
"16 Oct 19","0.7147","0.4441"
"15 Oct 19","0.7285","0.4662"
"14 Oct 19","0.6644","0.4124"
"11 Oct 19","0.7296","0.4882"
"10 Oct 19","0.5734","0.3198"
"09 Oct 19","0.4863","0.2329"
"08 Oct 19","0.4402","0.1817"
"07 Oct 19","0.4765","0.2197"
"04 Oct 19","0.4643","0.2128"
"03 Oct 19","0.5078","0.2489"
"02 Oct 19","0.5157","0.2621"
"01 Oct 19","0.4868","0.2285"
"30 Sep 19","0.5092","0.2593"
"27 Sep 19","0.5257","0.2696"
"26 Sep 19","0.5403","0.3313"
"25 Sep 19","0.541","0.3374"
"24 Sep 19","0.5456","0.3462"
"23 Sep 19","0.551","0.3566"
"20 Sep 19","0.642","0.438"
"19 Sep 19","0.6417","0.4316"
"18 Sep 19","0.7","0.4635"
"17 Sep 19","0.7","0.4635"
"16 Sep 19","0.6969","0.4684"
"13 Sep 19","0.7731","0.5382"
"12 Sep 19","0.6567","0.4434"
"11 Sep 19","0.6591","0.4312"
"10 Sep 19","0.6514","0.413"
"09 Sep 19","0.6273","0.3863"
"06 Sep 19","0.5321","0.3046"
"05 Sep 19","0.6383","0.3952"
"04 Sep 19","0.535","0.3107"
"03 Sep 19","0.4309","0.2263"
"02 Sep 19","0.463","0.2487"
"30 Aug 19","0.5161","0.2976"
"29 Aug 19","0.4763","0.2589"
"28 Aug 19","0.4807","0.2528"
"27 Aug 19","0.5386","0.2985"
"23 Aug 19","0.6065","0.363"
"22 Aug 19","0.6165","0.3922"
"21 Aug 19","0.5531","0.3467"
"20 Aug 19","0.5535","0.3477"
"19 Aug 19","0.5858","0.3682"
"16 Aug 19","0.5611","0.3649"
"15 Aug 19","0.4977","0.2993"
"14 Aug 19","0.5446","0.3079"
"13 Aug 19","0.5932","0.3239"
"12 Aug 19","0.5989","0.3118"
"09 Aug 19","0.6002","0.3189"
"08 Aug 19","0.6342","0.352"
"07 Aug 19","0.5797","0.3085"
"06 Aug 19","0.6237","0.3018"
"05 Aug 19","0.6133","0.2861"
"02 Aug 19","0.6679","0.3413"
"01 Aug 19","0.6886","0.3277"
"31 Jul 19","0.7313","0.3829"
"30 Jul 19","0.7562","0.3868"
"29 Jul 19","0.7685","0.4195"
"26 Jul 19","0.7975","0.4507"
"25 Jul 19","0.8174","0.4819"
"24 Jul 19","0.7643","0.4568"
"23 Jul 19","0.7875","0.4611"
"22 Jul 19","0.8125","0.4847"
"19 Jul 19","0.8389","0.5028"
"18 Jul 19","0.8579","0.5258"
"17 Jul 19","0.8634","0.5339"
"16 Jul 19","0.9269","0.599"
"15 Jul 19","0.8578","0.5533"
"12 Jul 19","0.9448","0.615"
"11 Jul 19","0.9413","0.6194"
"10 Jul 19","0.8592","0.5302"
"09 Jul 19","0.8177","0.4967"
"08 Jul 19","0.8123","0.4818"
"05 Jul 19","0.852","0.5368"
"04 Jul 19","0.7861","0.4678"
"03 Jul 19","0.7995","0.4736"
"02 Jul 19","0.8335","0.503"
"01 Jul 19","0.8728","0.5673"
"28 Jun 19","0.9509","0.6097"
"27 Jun 19","0.9283","0.6005"
"26 Jun 19","0.8865","0.5732"
"25 Jun 19","0.9045","0.5513"
"24 Jun 19","0.873","0.562"
"21 Jun 19","0.9069","0.5947"
"20 Jun 19","0.906","0.5478"
"19 Jun 19","0.9343","0.6073"
"18 Jun 19","0.8578","0.5517"
"17 Jun 19","0.9127","0.5906"
"14 Jun 19","0.9349","0.5988"
"13 Jun 19","0.8931","0.5799"
"12 Jun 19","0.9605","0.5736"
"11 Jun 19","0.942","0.5853"
"10 Jun 19","0.8873","0.5594"
"07 Jun 19","0.8901","0.5637"
"06 Jun 19","0.9431","0.5791"
"05 Jun 19","0.9152","0.5875"
"04 Jun 19","0.9938","0.6455"
"03 Jun 19","0.9596","0.5982"
"31 May 19","0.9775","0.6522"
"30 May 19","0.9941","0.6436"
"29 May 19","0.9771","0.6139"
"28 May 19","1.016","0.6696"
"24 May 19","1.0283","0.6569"
"23 May 19","1.0485","0.6965"
"22 May 19","1.1166","0.7583"
"21 May 19","1.1396","0.8139"
"20 May 19","1.1525","0.7948"
"17 May 19","1.093","0.7576"
"16 May 19","1.148","0.7814"
"15 May 19","1.1507","0.7996"
"14 May 19","1.143","0.7911"
"13 May 19","1.1833","0.8147"
"10 May 19","1.2157","0.8419"
"09 May 19","1.2027","0.8307"
"08 May 19","1.1995","0.8416"
"07 May 19","1.2493","0.8706"
"03 May 19","1.2554","0.9087"
"02 May 19","1.2399","0.8667"
"01 May 19","1.1994","0.8383"
"30 Apr 19","1.2238","0.8625"
"29 Apr 19","1.1936","0.8252"
"26 Apr 19","1.1837","0.8085"
"25 Apr 19","1.1973","0.8286"
"24 Apr 19","1.2203","0.8502"
"23 Apr 19","1.2617","0.8979"
"18 Apr 19","1.2356","0.8716"
"17 Apr 19","1.2734","0.911"
"16 Apr 19","1.2521","0.9027"
"15 Apr 19","1.2518","0.8991"
"12 Apr 19","1.2501","0.8939"
"11 Apr 19","1.2098","0.8414"
"10 Apr 19","1.1437","0.7916"
"09 Apr 19","1.1751","0.792"
"08 Apr 19","1.1426","0.7904"
"05 Apr 19","1.1573","0.8049"
"04 Apr 19","1.152","0.7876"
"03 Apr 19","1.1246","0.7636"
"02 Apr 19","1.0661","0.7253"
"01 Apr 19","1.097","0.7314"
"29 Mar 19","1.0945","0.7346"
"28 Mar 19","1.0626","0.6963"
"27 Mar 19","1.0505","0.7421"
"26 Mar 19","1.0827","0.7511"
"25 Mar 19","1.0267","0.7052"
"22 Mar 19","1.0644","0.7464"
"21 Mar 19","1.1147","0.7716"
"20 Mar 19","1.1766","0.8396"
"19 Mar 19","1.2264","0.8734"
"18 Mar 19","1.2236","0.8655"
"15 Mar 19","1.2467","0.8844"
"14 Mar 19","1.2641","0.8994"
"13 Mar 19","1.2431","0.8748"
"12 Mar 19","1.2099","0.8468"
"11 Mar 19","1.2029","0.8432"
"08 Mar 19","1.2228","0.863"
"07 Mar 19","1.1893","0.8339"
"06 Mar 19","1.2573","0.8933"
"05 Mar 19","1.318","0.9504"
"04 Mar 19","1.3455","0.9425"
"01 Mar 19","1.3681","0.9598"
"28 Feb 19","1.3366","0.9616"
"27 Feb 19","1.3217","0.9615"
"26 Feb 19","1.2467","0.8853"
"25 Feb 19","1.2118","0.8498"
"22 Feb 19","1.1926","0.871"
"21 Feb 19","1.239","0.8728"
"20 Feb 19","1.2579","0.8792"
"19 Feb 19","1.2283","0.8387"
"18 Feb 19","1.2084","0.8301"
"15 Feb 19","1.2123","0.8213"
"14 Feb 19","1.1761","0.8004"
"13 Feb 19","1.2169","0.8419"
"12 Feb 19","1.2156","0.8394"
"11 Feb 19","1.1963","0.8236"
"08 Feb 19","1.1761","0.8004"
"07 Feb 19","1.2339","0.8403"
"06 Feb 19","1.2615","0.8745"
"05 Feb 19","1.2801","0.879"
"04 Feb 19","1.2845","0.8903"
"01 Feb 19","1.2845","0.8903"
"31 Jan 19","1.2531","0.8841"
"30 Jan 19","1.3147","0.9301"
"29 Jan 19","1.3277","0.9324"
"28 Jan 19","1.3257","0.9245"
"25 Jan 19","1.3611","0.9528"
"24 Jan 19","1.3325","0.9139"
"23 Jan 19","1.3829","0.9661"
"22 Jan 19","1.3441","0.9518"
"21 Jan 19","1.3565","0.9652"
"18 Jan 19","1.4145","0.9824"
"17 Jan 19","1.3659","0.9663"
"16 Jan 19","1.2986","0.9279"
"15 Jan 19","1.2986","0.9279"
"14 Jan 19","1.3322","0.9423"
"11 Jan 19","1.3279","0.9318"
"10 Jan 19","1.3181","0.9092"
"09 Jan 19","1.3174","0.889"
"08 Jan 19","1.3315","0.8844"
"07 Jan 19","1.2789","0.8773"
"04 Jan 19","1.326","0.9064"
"03 Jan 19","1.223","0.8141"
"02 Jan 19","1.2544","0.8375"
"31 Dec 18","1.3339","0.9011"
"28 Dec 18","1.3433","0.8949"
"27 Dec 18","1.3586","0.9099"
"24 Dec 18","1.3001","0.8798"
"21 Dec 18","1.3781","0.9266"
"20 Dec 18","1.3237","0.8748"
"19 Dec 18","1.3283","0.8916"
"18 Dec 18","1.3393","0.9163"
"17 Dec 18","1.3247","0.8843"
"14 Dec 18","1.2896","0.852"
"13 Dec 18","1.3165","0.8957"
"12 Dec 18","1.3355","0.8854"
"11 Dec 18","1.2024","0.8103"
"10 Dec 18","1.1806","0.788"
"07 Dec 18","1.2837","0.8679"
"06 Dec 18","1.24","0.84"
"05 Dec 18","1.32","0.91"
"04 Dec 18","1.35","0.88"
"03 Dec 18","1.39","0.89"
"30 Nov 18","1.43","0.93"
"29 Nov 18","1.363","0.9147"
"28 Nov 18","1.3968","0.9379"
"27 Nov 18","1.3991","0.9558"
"26 Nov 18","1.4153","0.9722"
"23 Nov 18","1.4195","0.9471"
"22 Nov 18","1.4598","0.9701"
"21 Nov 18","1.4357","0.9409"
"20 Nov 18","1.4362","0.9243"
"19 Nov 18","1.4136","0.9121"
"16 Nov 18","1.4199","0.9501"
"15 Nov 18","1.414","0.9127"
"14 Nov 18","1.5064","1.049"
"13 Nov 18","1.5098","1.0608"
"12 Nov 18","1.4427","1.0008"
"09 Nov 18","1.4981","1.0644"
"08 Nov 18","1.559","1.1252"
"07 Nov 18","1.5254","1.0914"
"06 Nov 18","1.5248","1.0882"
"05 Nov 18","1.49","1.0643"
"02 Nov 18","1.4849","1.0571"
"01 Nov 18","1.4466","1.0176"
"31 Oct 18","1.431","0.9974"
"30 Oct 18","1.3915","0.9608"
"29 Oct 18","1.386","0.9482"
"26 Oct 18","1.3604","0.9305"
"25 Oct 18","1.4282","0.9923"
"24 Oct 18","1.4422","1.0053"
"23 Oct 18","1.4729","1.0363"
"22 Oct 18","1.5105","1.0602"
"19 Oct 18","1.5514","1.1016"
"18 Oct 18","1.5494","1.0935"
"17 Oct 18","1.556","1.105"
"16 Oct 18","1.6029","1.1449"
"15 Oct 18","1.5961","1.1382"
"12 Oct 18","1.6253","1.1715"
"11 Oct 18","1.665","1.2165"
"10 Oct 18","1.7035","1.2581"
"09 Oct 18","1.667","1.2289"
"08 Oct 18","1.6623","1.2301"
"05 Oct 18","1.6887","1.2539"
"04 Oct 18","1.6409","1.2086"
"03 Oct 18","1.5466","1.1196"
"02 Oct 18","1.5234","1.0979"
"01 Oct 18","1.5615","1.1355"
"28 Sep 18","1.5588","1.1377"
"27 Sep 18","1.5745","1.152"
"26 Sep 18","1.5763","1.1453"
"25 Sep 18","1.6082","1.1738"
"24 Sep 18","1.5851","1.1559"
"21 Sep 18","1.5326","1.1171"
"20 Sep 18","1.5678","1.153"
"19 Sep 18","1.5856","1.1625"
"18 Sep 18","1.5375","1.1184"
"17 Sep 18","1.5092","1.1052"
"14 Sep 18","1.5006","1.0962"
"13 Sep 18","1.4798","1.0735"
"12 Sep 18","1.4616","1.0561"
"11 Sep 18","1.4687","1.0692"
"10 Sep 18","1.445","1.0259"
"07 Sep 18","1.4316","1.0143"
"06 Sep 18","1.3947","0.985"
"05 Sep 18","1.4442","1.0283"
"04 Sep 18","1.4011","0.9944"
"03 Sep 18","1.3837","0.9844"
"31 Aug 18","1.408","1.0023"
"30 Aug 18","1.43","1.0241"
"29 Aug 18","1.462","1.0476"
"28 Aug 18","1.4184","1.0002"
"24 Aug 18","1.3885","0.975"
"23 Aug 18","1.3879","0.9761"
"22 Aug 18","1.3857","0.9746"
"21 Aug 18","1.3796","0.9689"
"20 Aug 18","1.3307","0.9325"
"17 Aug 18","1.3441","0.9397"
"16 Aug 18","1.3441","0.9364"
"15 Aug 18","1.3337","0.9277"
"14 Aug 18","1.3762","0.9655"
"13 Aug 18","1.3763","0.9638"
"10 Aug 18","1.3583","0.9455"
"09 Aug 18","1.4092","0.9936"
"08 Aug 18","1.4225","1.002"
"07 Aug 18","1.4333","1.0068"
"06 Aug 18","1.4025","0.9854"
"03 Aug 18","1.4267","1.0129"
"02 Aug 18","1.4776","1.0633"
"01 Aug 18","1.485","1.0691"
"31 Jul 18","1.4297","1.0186"
"30 Jul 18","1.4517","1.0389"
"27 Jul 18","1.3851","0.9882"
"26 Jul 18","1.3815","0.9852"
"25 Jul 18","1.3664","0.9746"
"24 Jul 18","1.3652","0.9701"
"23 Jul 18","1.3664","0.9711"
"20 Jul 18","1.3357","0.942"
"19 Jul 18","1.292","0.9097"
"18 Jul 18","1.3326","0.9383"
"17 Jul 18","1.3662","0.9732"
"16 Jul 18","1.3984","0.9964"
"13 Jul 18","1.3783","0.9758"
"12 Jul 18","1.3805","0.9765"
"11 Jul 18","1.4014","1.0012"
"10 Jul 18","1.4015","1.0032"
"09 Jul 18","1.3783","0.9773"
"06 Jul 18","1.3656","0.9701"
"05 Jul 18","1.3599","0.9534"
"04 Jul 18","1.3804","0.9622"
"03 Jul 18","1.3479","0.927"
"02 Jul 18","1.3613","0.942"
"29 Jun 18","1.3821","0.9642"
"28 Jun 18","1.3627","0.9397"
"27 Jun 18","1.3582","0.9407"
"26 Jun 18","1.4041","0.9787"
"25 Jun 18","1.4071","0.9829"
"22 Jun 18","1.4188","1.0021"
"21 Jun 18","1.3849","0.965"
"20 Jun 18","1.3996","0.9629"
"19 Jun 18","1.3883","0.9542"
"18 Jun 18","1.4259","0.9874"
"15 Jun 18","1.4168","0.9819"
"14 Jun 18","1.4247","0.9944"
"13 Jun 18","1.4568","1.0144"
"12 Jun 18","1.4903","1.0392"
"11 Jun 18","1.5071","1.0461"
"08 Jun 18","1.4948","1.041"
"07 Jun 18","1.508","1.0483"
"06 Jun 18","1.4837","1.0279"
"05 Jun 18","1.3906","0.9453"
"04 Jun 18","1.398","0.944"
"01 Jun 18","1.3793","0.9169"
"31 May 18","1.3247","0.8716"
"30 May 18","1.3266","0.8753"
"29 May 18","1.3326","0.8869"
"25 May 18","1.424","0.9756"
"24 May 18","1.4833","1.0312"
"23 May 18","1.5159","1.0591"
"22 May 18","1.5987","1.1388"
"21 May 18","1.5671","1.1082"
"18 May 18","1.5767","1.1202"
"17 May 18","1.6306","1.1742"
"16 May 18","1.5763","1.12"
"15 May 18","1.5884","1.1362"
"14 May 18","1.5572","1.102"
"11 May 18","1.5251","1.0726"
"10 May 18","1.5025","1.0511"
"09 May 18","1.544","1.1024"
"08 May 18","1.517","1.0752"
"04 May 18","1.4737","1.036"
"03 May 18","1.4673","1.0211"
"02 May 18","1.5263","1.0845"
"01 May 18","1.4752","1.0344"
"30 Apr 18","1.4902","1.0427"
"27 Apr 18","1.5168","1.0733"
"26 Apr 18","1.5684","1.146"
"25 Apr 18","1.6019","1.1624"
"24 Apr 18","1.603","1.1472"
"23 Apr 18","1.5854","1.1179"
"20 Apr 18","1.5558","1.1102"
"19 Apr 18","1.5733","1.1515"
"18 Apr 18","1.488","1.0815"
"17 Apr 18","1.5107","1.1232"
"16 Apr 18","1.5265","1.1476"
"13 Apr 18","1.4984","1.1251"
"12 Apr 18","1.505","1.1298"
"11 Apr 18","1.4504","1.0852"
"10 Apr 18","1.4836","1.102"
"09 Apr 18","1.4701","1.0915"
"06 Apr 18","1.46","1.0796"
"05 Apr 18","1.477","1.0919"
"04 Apr 18","1.4325","1.0527"
"03 Apr 18","1.4201","1.0448"
"29 Mar 18","1.4096","1.0352"
"28 Mar 18","1.4233","1.051"
"27 Mar 18","1.4691","1.114"
"26 Mar 18","1.5013","1.1373"
"23 Mar 18","1.4981","1.1365"
"22 Mar 18","1.4719","1.1107"
"21 Mar 18","1.5815","1.1964"
"20 Mar 18","1.5325","1.1393"
"19 Mar 18","1.4889","1.0837"
"16 Mar 18","1.4856","1.0677"
"15 Mar 18","1.4839","1.0593"
"14 Mar 18","1.4777","1.0479"
"13 Mar 18","1.5338","1.1014"
"12 Mar 18","1.5542","1.1019"
"09 Mar 18","1.5534","1.1004"
"08 Mar 18","1.5301","1.079"
"07 Mar 18","1.547","1.0872"
"06 Mar 18","1.5671","1.1"
"05 Mar 18","1.537","1.0747"
"02 Mar 18","1.5064","1.0461"
"01 Mar 18","1.5152","1.0519"
"28 Feb 18","1.5533","1.0857"
"27 Feb 18","1.598","1.1277"
"26 Feb 18","1.5544","1.0886"
"23 Feb 18","1.567","1.094"
"22 Feb 18","1.5831","1.1013"
"21 Feb 18","1.5879","1.1022"
"20 Feb 18","1.6037","1.1093"
"19 Feb 18","1.6333","1.1289"
"16 Feb 18","1.6186","1.116"
"15 Feb 18","1.6846","1.1761"
"14 Feb 18","1.6609","1.1654"
"13 Feb 18","1.6478","1.1603"
"12 Feb 18","1.6266","1.1381"
"09 Feb 18","1.6232","1.1339"
"08 Feb 18","1.6524","1.1592"
"07 Feb 18","1.572","1.0577"
"06 Feb 18","1.5482","1.0336"
"05 Feb 18","1.5946","1.0946"
"02 Feb 18","1.5997","1.1067"
"01 Feb 18","1.5581","1.0748"
"31 Jan 18","1.5281","1.0449"
"30 Jan 18","1.5055","1.0186"
"29 Jan 18","1.5053","1.0276"
"26 Jan 18","1.4876","1.0067"
"25 Jan 18","1.4627","0.9713"
"24 Jan 18","1.4641","0.9639"
"23 Jan 18","1.412","0.9135"
"22 Jan 18","1.4115","0.9086"
"19 Jan 18","1.3963","0.898"
"18 Jan 18","1.3939","0.9081"
"17 Jan 18","1.3595","0.8685"
"16 Jan 18","1.3652","0.8755"
"15 Jan 18","1.3794","0.8906"
"12 Jan 18","1.3956","0.8956"
"11 Jan 18","1.3744","0.8592"
"10 Jan 18","1.3518","0.8284"
"09 Jan 18","1.3397","0.82"
"08 Jan 18","1.2897","0.7795"
"05 Jan 18","1.3028","0.7818"
"04 Jan 18","1.3009","0.7802"
"03 Jan 18","1.2816","0.7586"
"02 Jan 18","1.3417","0.8105"
"29 Dec 17","1.2536","0.734"
"28 Dec 17","1.2618","0.74"
"27 Dec 17","1.2386","0.7177"
"22 Dec 17","1.3009","0.7644"
"21 Dec 17","1.3221","0.7847"
"20 Dec 17","1.3206","0.7874"
"19 Dec 17","1.2698","0.751"
"18 Dec 17","1.2107","0.7115"
"15 Dec 17","1.2195","0.7175"
"14 Dec 17","1.2329","0.7206"
"13 Dec 17","1.2741","0.7522"
"12 Dec 17","1.281","0.7431"
"11 Dec 17","1.2601","0.7228"
"08 Dec 17","1.3325","0.7859"
"07 Dec 17","1.307","0.7682"
"06 Dec 17","1.2838","0.7506"
"05 Dec 17","1.3122","0.7829"
"04 Dec 17","1.3302","0.7961"
"01 Dec 17","1.2725","0.7349"
"30 Nov 17","1.3711","0.8238"
"29 Nov 17","1.397","0.8461"
"28 Nov 17","1.3032","0.7593"
"27 Nov 17","1.3059","0.7595"
"24 Nov 17","1.2945","0.7493"
"23 Nov 17","1.2961","0.7464"
"22 Nov 17","1.322","0.7727"
"21 Nov 17","1.3174","0.7761"
"20 Nov 17","1.3279","0.7757"
"17 Nov 17","1.3505","0.7878"
"16 Nov 17","1.3495","0.7808"
"15 Nov 17","1.3352","0.7615"
"14 Nov 17","1.3589","0.7754"
"13 Nov 17","1.3773","0.7953"
"10 Nov 17","1.3864","0.8"
"09 Nov 17","1.3089","0.7394"
"08 Nov 17","1.2573","0.6958"
"07 Nov 17","1.2871","0.7112"
"06 Nov 17","1.3031","0.722"
"03 Nov 17","1.31","0.7263"
"02 Nov 17","1.3079","0.7117"
"01 Nov 17","1.3905","0.8187"
"31 Oct 17","1.376","0.7894"
"30 Oct 17","1.3713","0.7808"
"27 Oct 17","1.3976","0.8058"
"26 Oct 17","1.4393","0.8439"
"25 Oct 17","1.4481","0.8582"
"24 Oct 17","1.3898","0.7982"
"23 Oct 17","1.3471","0.7583"
"20 Oct 17","1.3662","0.7713"
"19 Oct 17","1.3097","0.7271"
"18 Oct 17","1.3479","0.7611"
"17 Oct 17","1.3169","0.7308"
"16 Oct 17","1.3712","0.7844"
"13 Oct 17","1.3964","0.8049"
"12 Oct 17","1.4059","0.8023"
"11 Oct 17","1.4053","0.7915"
"10 Oct 17","1.3925","0.7743"
"09 Oct 17","1.385","0.7578"
"06 Oct 17","1.3927","0.765"
"05 Oct 17","1.4105","0.7928"
"04 Oct 17","1.393","0.7827"
"03 Oct 17","1.3809","0.7789"
"02 Oct 17","1.3526","0.7555"
"29 Sep 17","1.3828","0.7836"
"28 Sep 17","1.4052","0.8005"
"27 Sep 17","1.4059","0.8012"
"26 Sep 17","1.3611","0.7638"
"25 Sep 17","1.3593","0.7524"
"22 Sep 17","1.3876","0.7746"
"21 Sep 17","1.3923","0.7762"
"20 Sep 17","1.3584","0.7441"
"19 Sep 17","1.3585","0.7379"
"18 Sep 17","1.3343","0.7208"
"15 Sep 17","1.3491","0.7402"
"14 Sep 17","1.2535","0.6412"
"13 Sep 17","1.1833","0.5542"
"12 Sep 17","1.1825","0.5533"
"11 Sep 17","1.0796","0.4583"
"08 Sep 17","1.0343","0.4045"
"07 Sep 17","0.9998","0.3642"
"06 Sep 17","1.0439","0.393"
"05 Sep 17","1.0564","0.4063"
"04 Sep 17","1.092","0.4288"
"01 Sep 17","1.0952","0.4331"
"31 Aug 17","1.0688","0.4129"
"30 Aug 17","1.0721","0.4169"
"29 Aug 17","1.0346","0.3926"
"25 Aug 17","1.0846","0.4297"
"24 Aug 17","1.0887","0.4395"
"23 Aug 17","1.0822","0.4379"
"22 Aug 17","1.1135","0.4619"
"21 Aug 17","1.0969","0.4564"
"18 Aug 17","1.1104","0.4603"
"17 Aug 17","1.1259","0.471"
"16 Aug 17","1.1352","0.4778"
"15 Aug 17","1.1139","0.4578"
"14 Aug 17","1.1045","0.4494"
"11 Aug 17","1.0877","0.4356"
"10 Aug 17","1.1013","0.4467"
"09 Aug 17","1.1243","0.454"
"08 Aug 17","1.1728","0.49"
"07 Aug 17","1.1611","0.478"
"04 Aug 17","1.1877","0.5053"
"03 Aug 17","1.1792","0.4903"
"02 Aug 17","1.258","0.5572"
"01 Aug 17","1.2261","0.5293"
"31 Jul 17","1.2454","0.5456"
"28 Jul 17","1.2379","0.5301"
"27 Jul 17","1.2205","0.5096"
"26 Jul 17","1.2483","0.5445"
"25 Jul 17","1.2687","0.5758"
"24 Jul 17","1.2057","0.5279"
"21 Jul 17","1.198","0.5214"
"20 Jul 17","1.2354","0.5532"
"19 Jul 17","1.212","0.5315"
"18 Jul 17","1.2401","0.5556"
"17 Jul 17","1.3008","0.6099"
"14 Jul 17","1.3375","0.6415"
"13 Jul 17","1.3182","0.6309"
"12 Jul 17","1.2907","0.6081"
"11 Jul 17","1.3073","0.615"
"10 Jul 17","1.2988","0.6003"
"07 Jul 17","1.3308","0.6307"
"06 Jul 17","1.3466","0.6565"
"05 Jul 17","1.281","0.5917"
"04 Jul 17","1.2754","0.6123"
"03 Jul 17","1.2991","0.6372"
"30 Jun 17","1.284","0.6268"
"29 Jun 17","1.2716","0.6181"
"28 Jun 17","1.1851","0.537"
"27 Jun 17","1.1178","0.4756"
"26 Jun 17","1.0623","0.4354"
"23 Jun 17","1.0655","0.4384"
"22 Jun 17","1.0507","0.416"
"21 Jun 17","1.0567","0.4106"
"20 Jun 17","1.0409","0.3746"
"19 Jun 17","1.0639","0.406"
"16 Jun 17","1.0588","0.3916"
"15 Jun 17","1.0745","0.4101"
"14 Jun 17","0.9862","0.2984"
"13 Jun 17","1.0702","0.3803"
"12 Jun 17","1.024","0.3301"
"09 Jun 17","1.054","0.3603"
"08 Jun 17","1.0758","0.3892"
"07 Jun 17","1.024","0.363"
"06 Jun 17","1.0286","0.3625"
"05 Jun 17","1.0885","0.4035"
"02 Jun 17","1.084","0.4024"
"01 Jun 17","1.0947","0.4122"
"31 May 17","1.0607","0.3815"
"30 May 17","1.0316","0.3525"
"26 May 17","1.0439","0.3652"
"25 May 17","1.0709","0.389"
"24 May 17","1.0971","0.4032"
"23 May 17","1.0942","0.4037"
"22 May 17","1.1071","0.4084"
"19 May 17","1.1108","0.4166"
"18 May 17","1.089","0.4"
"17 May 17","1.094","0.4028"
"16 May 17","1.1391","0.4319"
"15 May 17","1.1491","0.432"
"12 May 17","1.116","0.4102"
"11 May 17","1.1869","0.4615"
"10 May 17","1.1912","0.4773"
"09 May 17","1.2207","0.5004"
"08 May 17","1.1683","0.4615"
"05 May 17","1.145","0.4462"
"04 May 17","1.1371","0.4313"
"03 May 17","1.1005","0.4002"
"02 May 17","1.1139","0.41"
"28 Apr 17","1.1015","0.3971"
"27 Apr 17","1.0865","0.3863"
"26 Apr 17","1.1072","0.412"
"25 Apr 17","1.1024","0.4171"
"24 Apr 17","1.0885","0.4053"
"21 Apr 17","1.0554","0.3868"
"20 Apr 17","1.0803","0.4194"
"19 Apr 17","1.0768","0.4234"
"18 Apr 17","1.0481","0.3913"
"13 Apr 17","1.0556","0.3931"
"12 Apr 17","1.0619","0.3889"
"11 Apr 17","1.0587","0.386"
"10 Apr 17","1.0962","0.4179"
"07 Apr 17","1.0816","0.4193"
"06 Apr 17","1.0985","0.4378"
"05 Apr 17","1.0945","0.429"
"04 Apr 17","1.0618","0.407"
"03 Apr 17","1.0644","0.4009"
"31 Mar 17","1.122","0.4392"
"30 Mar 17","1.1171","0.4402"
"29 Mar 17","1.1504","0.4838"
"28 Mar 17","1.1838","0.5149"
"27 Mar 17","1.1695","0.5055"
"24 Mar 17","1.1944","0.5116"
"23 Mar 17","1.2142","0.5076"
"22 Mar 17","1.1631","0.4545"
"21 Mar 17","1.239","0.5063"
"20 Mar 17","1.2211","0.46"
"17 Mar 17","1.2236","0.4597"
"16 Mar 17","1.2333","0.4645"
"15 Mar 17","1.2118","0.432"
"14 Mar 17","1.2269","0.4595"
"13 Mar 17","1.241","0.4839"
"10 Mar 17","1.2307","0.4865"
"09 Mar 17","1.2015","0.4635"
"08 Mar 17","1.2149","0.4651"
"07 Mar 17","1.1684","0.4355"
"06 Mar 17","1.195","0.4589"
"03 Mar 17","1.1764","0.4452"
"02 Mar 17","1.1882","0.4633"
"01 Mar 17","1.1749","0.4589"
"28 Feb 17","1.1227","0.4161"
"27 Feb 17","1.1345","0.4219"
"24 Feb 17","1.1391","0.4302"
"23 Feb 17","1.2115","0.4748"
"22 Feb 17","1.2621","0.5061"
"21 Feb 17","1.304","0.5447"
"20 Feb 17","1.2833","0.5276"
"17 Feb 17","1.2698","0.523"
"16 Feb 17","1.315","0.5609"
"15 Feb 17","1.366","0.6076"
"14 Feb 17","1.3686","0.6175"
"13 Feb 17","1.3494","0.6067"
"10 Feb 17","1.3265","0.5886"
"09 Feb 17","1.2911","0.5605"
"08 Feb 17","1.2828","0.5536"
"07 Feb 17","1.3494","0.5893"
"06 Feb 17","1.3797","0.6119"
"03 Feb 17","1.4169","0.6439"
"02 Feb 17","1.439","0.6703"
"01 Feb 17","1.5051","0.7384"
"31 Jan 17","1.4604","0.7051"
"30 Jan 17","1.4837","0.718"
"27 Jan 17","1.5082","0.7303"
"26 Jan 17","1.5458","0.7614"
"25 Jan 17","1.4995","0.7205"
"24 Jan 17","1.4235","0.6739"
"23 Jan 17","1.4243","0.6761"
"20 Jan 17","1.4628","0.7139"
"19 Jan 17","1.4344","0.6927"
"18 Jan 17","1.3701","0.6382"
"17 Jan 17","1.3475","0.6156"
"16 Jan 17","1.3717","0.6245"
"13 Jan 17","1.4077","0.6577"
"12 Jan 17","1.3417","0.6111"
"11 Jan 17","1.4023","0.6579"
"10 Jan 17","1.401","0.6662"
"09 Jan 17","1.3956","0.6546"
"06 Jan 17","1.4195","0.6742"
"05 Jan 17","1.3695","0.6251"
"04 Jan 17","1.3754","0.6221"
"03 Jan 17","1.3825","0.6244"
"30 Dec 16","1.2817","0.5349"
"29 Dec 16","1.2726","0.5337"
"28 Dec 16","1.3445","0.5785"
"23 Dec 16","1.3852","0.6028"
"22 Dec 16","1.4132","0.6264"
"21 Dec 16","1.4201","0.6325"
"20 Dec 16","1.4629","0.6723"
"19 Dec 16","1.4538","0.6696"
"16 Dec 16","1.4982","0.7056"
"15 Dec 16","1.5469","0.7224"
"14 Dec 16","1.4329","0.6323"
"13 Dec 16","1.4754","0.6666"
"12 Dec 16","1.5287","0.7032"
"09 Dec 16","1.4809","0.6713"
"08 Dec 16","1.4287","0.6327"
"07 Dec 16","1.4129","0.6297"
"06 Dec 16","1.458","0.6609"
"05 Dec 16","1.4421","0.6424"
"02 Dec 16","1.4215","0.632"
"01 Dec 16","1.5127","0.6969"
"30 Nov 16","1.4528","0.6576"
"29 Nov 16","1.429","0.6378"
"28 Nov 16","1.4202","0.6334"
"25 Nov 16","1.4593","0.6753"
"24 Nov 16","1.4743","0.6965"
"23 Nov 16","1.5066","0.7279"
"22 Nov 16","1.4358","0.6942"
"21 Nov 16","1.4608","0.7236"
"18 Nov 16","1.5055","0.7561"
"17 Nov 16","1.428","0.7106"
"16 Nov 16","1.4394","0.723"
"15 Nov 16","1.4112","0.6999"
"14 Nov 16","1.4687","0.7409"
"11 Nov 16","1.3956","0.7005"
"10 Nov 16","1.3771","0.687"
"09 Nov 16","1.2732","0.6063"
"08 Nov 16","1.2689","0.6085"
"07 Nov 16","1.2311","0.5706"
"04 Nov 16","1.1745","0.5295"
"03 Nov 16","1.2473","0.5875"
"02 Nov 16","1.2235","0.568"
"01 Nov 16","1.316","0.6498"
"31 Oct 16","1.2705","0.6232"
"28 Oct 16","1.2888","0.6466"
"27 Oct 16","1.271","0.637"
"26 Oct 16","1.1894","0.5824"
"25 Oct 16","1.1092","0.5138"
"24 Oct 16","1.1211","0.5217"
"21 Oct 16","1.1074","0.511"
"20 Oct 16","1.1118","0.5036"
"19 Oct 16","1.11","0.4999"
"18 Oct 16","1.1142","0.4962"
"17 Oct 16","1.1492","0.5151"
"14 Oct 16","1.1298","0.5075"
"13 Oct 16","1.0457","0.4411"
"12 Oct 16","1.0738","0.4615"
"11 Oct 16","1.0221","0.4228"
"10 Oct 16","1.0493","0.4464"
"07 Oct 16","1.0016","0.3882"
"06 Oct 16","0.9604","0.3275"
"05 Oct 16","0.8503","0.2849"
"04 Oct 16","0.8246","0.2788"
"03 Oct 16","0.8369","0.2378"
"30 Sep 16","0.8233","0.2701"
"29 Sep 16","0.7993","0.2332"
"28 Sep 16","0.7122","0.2009"
"27 Sep 16","0.7317","0.2007"
"26 Sep 16","0.779","0.2152"
"23 Sep 16","0.8282","0.237"
"22 Sep 16","0.7679","0.231"
"21 Sep 16","0.8393","0.2797"
"20 Sep 16","0.8325","0.2763"
"19 Sep 16","0.9508","0.3229"
"16 Sep 16","0.9081","0.3195"
"15 Sep 16","0.923","0.3443"
"14 Sep 16","0.9155","0.3528"
"13 Sep 16","0.9136","0.3559"
"12 Sep 16","0.8867","0.3313"
"09 Sep 16","0.8856","0.339"
"08 Sep 16","0.8245","0.2766"
"07 Sep 16","0.7371","0.2131"
"06 Sep 16","0.7453","0.2253"
"05 Sep 16","0.7838","0.2593"
"02 Sep 16","0.8104","0.2789"
"01 Sep 16","0.737","0.2426"
"31 Aug 16","0.7286","0.2244"
"30 Aug 16","0.7281","0.2425"
"26 Aug 16","0.7006","0.2336"
"25 Aug 16","0.7379","0.2417"
"24 Aug 16","0.7403","0.2455"
"23 Aug 16","0.7054","0.2246"
"22 Aug 16","0.6744","0.2173"
"19 Aug 16","0.7522","0.2678"
"18 Aug 16","0.7556","0.2103"
"17 Aug 16","0.7551","0.1877"
"16 Aug 16","0.7883","0.2465"
"15 Aug 16","0.639","0.178"
"12 Aug 16","0.6119","0.1628"
"11 Aug 16","0.6258","0.1723"
"10 Aug 16","0.6401","0.1451"
"09 Aug 16","0.689","0.1686"
"08 Aug 16","0.7146","0.1635"
"05 Aug 16","0.7985","0.2142"
"04 Aug 16","0.7589","0.1893"
"03 Aug 16","0.929","0.3358"
"02 Aug 16","0.9789","0.3533"
"01 Aug 16","0.8741","0.2967"
"29 Jul 16","0.8623","0.2656"
"28 Jul 16","0.8379","0.2782"
"27 Jul 16","0.902","0.2939"
"26 Jul 16","1.0163","0.354"
"25 Jul 16","0.9764","0.3238"
"22 Jul 16","0.9781","0.336"
"21 Jul 16","0.9963","0.3781"
"20 Jul 16","0.9912","0.3782"
"19 Jul 16","0.9864","0.3729"
"18 Jul 16","0.9781","0.3614"
"15 Jul 16","0.9702","0.3646"
"14 Jul 16","0.9543","0.3494"
"13 Jul 16","0.9325","0.3078"
"12 Jul 16","1.0013","0.3745"
"11 Jul 16","0.9295","0.3445"
"08 Jul 16","0.9366","0.316"
"07 Jul 16","0.9763","0.339"
"06 Jul 16","0.938","0.3252"
"05 Jul 16","0.9482","0.3184"
"04 Jul 16","0.9797","0.3527"
"01 Jul 16","1.0032","0.3842"
"30 Jun 16","1.0416","0.3749"
"29 Jun 16","1.0966","0.3972"
"28 Jun 16","1.1325","0.4183"
"27 Jun 16","1.1293","0.3916"
"24 Jun 16","1.2183","0.5437"
"23 Jun 16","1.4829","0.8421"
"22 Jun 16","1.4444","0.8075"
"21 Jun 16","1.4087","0.7852"
"20 Jun 16","1.3717","0.7462"
"17 Jun 16","1.2698","0.6431"
"16 Jun 16","1.2254","0.5996"
"15 Jun 16","1.2391","0.6128"
"14 Jun 16","1.2537","0.62"
"13 Jun 16","1.3338","0.6963"
"10 Jun 16","1.3402","0.7086"
"09 Jun 16","1.3532","0.7108"
"08 Jun 16","1.3661","0.7162"
"07 Jun 16","1.3818","0.697"
"06 Jun 16","1.4026","0.7062"
"03 Jun 16","1.3959","0.7052"
"02 Jun 16","1.4596","0.7701"
"01 Jun 16","1.4845","0.8026"
"31 May 16","1.5465","0.8682"
"27 May 16","1.5477","0.8739"
"26 May 16","1.5241","0.8461"
"25 May 16","1.5566","0.8795"
"24 May 16","1.5807","0.8931"
"23 May 16","1.5661","0.8587"
"20 May 16","1.5686","0.8556"
"19 May 16","1.5382","0.8231"
"18 May 16","1.5414","0.8182"
"17 May 16","1.4701","0.7472"
"16 May 16","1.4966","0.768"
"13 May 16","1.4772","0.747"
"12 May 16","1.5058","0.7698"
"11 May 16","1.4952","0.756"
"10 May 16","1.5022","0.7566"
"09 May 16","1.514","0.7719"
"06 May 16","1.5145","0.7829"
"05 May 16","1.5672","0.8272"
"04 May 16","1.6128","0.8701"
"03 May 16","1.6062","0.8811"
"29 Apr 16","1.678","0.9423"
"28 Apr 16","1.6751","0.9407"
"27 Apr 16","1.6997","0.9592"
"26 Apr 16","1.7373","0.984"
"25 Apr 16","1.6824","0.9303"
"22 Apr 16","1.6808","0.9166"
"21 Apr 16","1.6619","0.9004"
"20 Apr 16","1.5529","0.8085"
"19 Apr 16","1.6074","0.8525"
"18 Apr 16","1.5645","0.8156"
"15 Apr 16","1.5074","0.7676"
"14 Apr 16","1.5332","0.7881"
"13 Apr 16","1.5202","0.7748"
"12 Apr 16","1.533","0.7807"
"11 Apr 16","1.4858","0.7316"
"08 Apr 16","1.4581","0.7083"
"07 Apr 16","1.4141","0.6742"
"06 Apr 16","1.4718","0.7269"
"05 Apr 16","1.4568","0.7257"
"04 Apr 16","1.5096","0.7728"
"01 Apr 16","1.5143","0.7797"
"31 Mar 16","1.4963","0.7755"
"30 Mar 16","1.534","0.8221"
"29 Mar 16","1.4995","0.7963"
"24 Mar 16","1.5421","0.8312"
"23 Mar 16","1.5251","0.8061"
"22 Mar 16","1.5309","0.8108"
"21 Mar 16","1.5515","0.8319"
"18 Mar 16","1.5357","0.8198"
"17 Mar 16","1.5313","0.8172"
"16 Mar 16","1.5895","0.8755"
"15 Mar 16","1.6017","0.8958"
"14 Mar 16","1.6179","0.9263"
"11 Mar 16","1.6466","0.9472"
"10 Mar 16","1.6017","0.8915"
"09 Mar 16","1.5468","0.8193"
"08 Mar 16","1.445","0.7346"
"07 Mar 16","1.5493","0.803"
"04 Mar 16","1.5605","0.816"
"03 Mar 16","1.5184","0.7841"
"02 Mar 16","1.5296","0.7832"
"01 Mar 16","1.4574","0.7143"
"29 Feb 16","1.4032","0.6628"
"26 Feb 16","1.479","0.731"
"25 Feb 16","1.4392","0.7006"
"24 Feb 16","1.4185","0.6946"
"23 Feb 16","1.4931","0.7634"
"22 Feb 16","1.467","0.7556"
"19 Feb 16","1.4707","0.7634"
"18 Feb 16","1.5042","0.7917"
"17 Feb 16","1.5463","0.8286"
"16 Feb 16","1.4876","0.7884"
"15 Feb 16","1.4856","0.799"
"12 Feb 16","1.4639","0.7847"
"11 Feb 16","1.3437","0.6538"
"10 Feb 16","1.4853","0.7952"
"09 Feb 16","1.4774","0.7753"
"08 Feb 16","1.4691","0.7613"
"05 Feb 16","1.6277","0.9105"
"04 Feb 16","1.6265","0.9057"
"03 Feb 16","1.5732","0.8707"
"02 Feb 16","1.6158","0.915"
"01 Feb 16","1.6898","0.9855"
"29 Jan 16","1.6305","0.9225"
"28 Jan 16","1.7221","1.0322"
"27 Jan 16","1.749","1.0604"
"26 Jan 16","1.751","1.0622"
"25 Jan 16","1.7453","1.0532"
"22 Jan 16","1.7781","1.086"
"21 Jan 16","1.7362","1.046"
"20 Jan 16","1.6871","1.0009"
"19 Jan 16","1.7668","1.0639"
"18 Jan 16","1.7471","1.0385"
"15 Jan 16","1.7092","1.0032"
"14 Jan 16","1.7841","1.0889"
"13 Jan 16","1.7974","1.1074"
"12 Jan 16","1.8089","1.1258"
"11 Jan 16","1.8269","1.1404"
"08 Jan 16","1.823","1.1407"
"07 Jan 16","1.8662","1.1843"
"06 Jan 16","1.8539","1.1794"
"05 Jan 16","1.938","1.2526"
"04 Jan 16","1.9456","1.264"
"31 Dec 15","2.0248","1.3385"
"30 Dec 15","2.0565","1.3662"
"29 Dec 15","1.9735","1.2941"
"24 Dec 15","1.9761","1.2899"
"23 Dec 15","1.9944","1.3053"
"22 Dec 15","1.9401","1.2641"
"21 Dec 15","1.88","1.2122"
"18 Dec 15","1.8963","1.2237"
"17 Dec 15","1.9067","1.2287"
"16 Dec 15","1.9928","1.2953"
"15 Dec 15","1.9907","1.303"
"14 Dec 15","1.8658","1.1983"
"11 Dec 15","1.8528","1.1866"
"10 Dec 15","1.8941","1.2283"
"09 Dec 15","1.9211","1.2458"
"08 Dec 15","1.857","1.1964"
"07 Dec 15","1.8619","1.1959"
"04 Dec 15","1.9692","1.2887"
"03 Dec 15","1.9198","1.2569"
"02 Dec 15","1.801","1.146"
"01 Dec 15","1.8169","1.1571"
"30 Nov 15","1.8788","1.2108"
"27 Nov 15","1.8631","1.1923"
"26 Nov 15","1.8775","1.2022"
"25 Nov 15","1.9266","1.2429"
"24 Nov 15","1.9015","1.218"
"23 Nov 15","1.928","1.2359"
"20 Nov 15","1.9178","1.2246"
"19 Nov 15","1.9324","1.2529"
"18 Nov 15","1.973","1.2846"
"17 Nov 15","2.0169","1.3193"
"16 Nov 15","1.9819","1.2774"
"13 Nov 15","2.0128","1.3227"
"12 Nov 15","2.0449","1.354"
"11 Nov 15","2.0723","1.3807"
"10 Nov 15","2.0615","1.3621"
"09 Nov 15","2.0865","1.3998"
"06 Nov 15","2.068","1.3906"
"05 Nov 15","2.0015","1.3151"
"04 Nov 15","2.0233","1.3479"
"03 Nov 15","1.9959","1.3223"
"02 Nov 15","1.9715","1.2873"
"30 Oct 15","1.9393","1.2597"
"29 Oct 15","1.9465","1.2551"
"28 Oct 15","1.8223","1.1291"
"27 Oct 15","1.7813","1.0921"
"26 Oct 15","1.8486","1.1461"
"23 Oct 15","1.8818","1.175"
"22 Oct 15","1.8399","1.0992"
"21 Oct 15","1.8405","1.1024"
"20 Oct 15","1.8909","1.1586"
"19 Oct 15","1.8656","1.1302"
"16 Oct 15","1.8373","1.1052"
"15 Oct 15","1.8146","1.0877"
"14 Oct 15","1.8029","1.0798"
"13 Oct 15","1.8694","1.1609"
"12 Oct 15","1.8587","1.153"
"09 Oct 15","1.8895","1.188"
"08 Oct 15","1.8413","1.1543"
"07 Oct 15","1.8557","1.1684"
"06 Oct 15","1.8309","1.1405"
"05 Oct 15","1.819","1.1398"
"02 Oct 15","1.739","1.0705"
"01 Oct 15","1.7965","1.124"
"30 Sep 15","1.8137","1.1354"
"29 Sep 15","1.7853","1.122"
"28 Sep 15","1.8128","1.1396"
"25 Sep 15","1.872","1.1955"
"24 Sep 15","1.7736","1.0917"
"23 Sep 15","1.8316","1.1582"
"22 Sep 15","1.813","1.1251"
"21 Sep 15","1.9207","1.2322"
"18 Sep 15","1.8783","1.1915"
"17 Sep 15","1.9765","1.3036"
"16 Sep 15","1.9627","1.2879"
"15 Sep 15","1.9287","1.2443"
"14 Sep 15","1.8753","1.1932"
"11 Sep 15","1.8452","1.1704"
"10 Sep 15","1.8798","1.2175"
"09 Sep 15","1.9028","1.2251"
"08 Sep 15","1.8888","1.204"
"07 Sep 15","1.844","1.1734"
"04 Sep 15","1.8704","1.1841"
"03 Sep 15","1.9515","1.252"
"02 Sep 15","1.9876","1.2881"
"01 Sep 15","1.9775","1.2871"
"28 Aug 15","1.9884","1.2903"
"27 Aug 15","2.0118","1.3002"
"26 Aug 15","1.9903","1.2864"
"25 Aug 15","1.9367","1.2663"
"24 Aug 15","1.8378","1.1757"
"21 Aug 15","1.864","1.202"
"20 Aug 15","1.9046","1.2695"
"19 Aug 15","2.0166","1.3324"
"18 Aug 15","2.02","1.3407"
"17 Aug 15","1.9632","1.2933"
"14 Aug 15","2.013","1.336"
"13 Aug 15","1.983","1.308"
"12 Aug 15","1.9305","1.2763"
"11 Aug 15","1.9363","1.3434"
"10 Aug 15","2.056","1.4038"
"07 Aug 15","1.9974","1.3443"
"06 Aug 15","2.0283","1.389"
"05 Aug 15","2.0962","1.4237"
"04 Aug 15","2.0105","1.3315"
"03 Aug 15","2.014","1.3394"
"31 Jul 15","2.016","1.3418"
"30 Jul 15","2.0987","1.4246"
"29 Jul 15","2.0791","1.4372"
"28 Jul 15","2.0555","1.4195"
"27 Jul 15","2.0416","1.4142"
"24 Jul 15","2.0509","1.4352"
"23 Jul 15","2.1413","1.4901"
"22 Jul 15","2.1495","1.4888"
"21 Jul 15","2.1984","1.5124"
"20 Jul 15","2.1952","1.5145"
"17 Jul 15","2.1998","1.5177"
"16 Jul 15","2.2035","1.4797"
"15 Jul 15","2.2659","1.5303"
"14 Jul 15","2.2794","1.5278"
"13 Jul 15","2.2419","1.529"
"10 Jul 15","2.2132","1.4967"
"09 Jul 15","2.1051","1.3906"
"08 Jul 15","2.0074","1.3566"
"07 Jul 15","1.937","1.2766"
"06 Jul 15","2.1318","1.4458"
"03 Jul 15","2.1148","1.4242"
"02 Jul 15","2.1752","1.4906"
"01 Jul 15","2.2097","1.5"
"30 Jun 15","2.1373","1.4461"
"29 Jun 15","2.1709","1.4836"
"26 Jun 15","2.2682","1.5764"
"25 Jun 15","2.2375","1.5459"
"24 Jun 15","2.2262","1.5284"
"23 Jun 15","2.2099","1.492"
"22 Jun 15","2.1944","1.4751"
"19 Jun 15","2.1048","1.3969"
"18 Jun 15","2.138","1.4251"
"17 Jun 15","2.1601","1.4542"
"16 Jun 15","2.1431","1.3686"
"15 Jun 15","2.1715","1.3699"
"12 Jun 15","2.1143","1.3208"
"11 Jun 15","2.2089","1.3869"
"10 Jun 15","2.2783","1.4542"
"09 Jun 15","2.2343","1.4199"
"08 Jun 15","2.1876","1.3865"
"05 Jun 15","2.1962","1.4342"
"04 Jun 15","2.1148","1.3637"
"03 Jun 15","2.2052","1.4316"
"02 Jun 15","2.0829","1.3599"
"01 Jun 15","1.9479","1.2749"
"29 May 15","1.9324","1.2528"
"28 May 15","1.9403","1.2812"
"27 May 15","1.9932","1.3257"
"26 May 15","1.9923","1.2908"
"22 May 15","2.0189","1.3476"
"21 May 15","2.0659","1.3748"
"20 May 15","2.0673","1.3779"
"19 May 15","2.0474","1.357"
"18 May 15","2.0368","1.3499"
"15 May 15","2.002","1.3087"
"14 May 15","2.0956","1.3892"
"13 May 15","2.072","1.3888"
"12 May 15","2.0836","1.4136"
"11 May 15","2.0331","1.3728"
"08 May 15","1.9469","1.3104"
"07 May 15","2.0297","1.3607"
"06 May 15","2.0766","1.3979"
"05 May 15","2.0844","1.4005"
"01 May 15","1.9431","1.3077"
"30 Apr 15","1.9531","1.2792"
"29 Apr 15","1.9359","1.2912"
"28 Apr 15","1.8176","1.1997"
"27 Apr 15","1.8149","1.1831"
"24 Apr 15","1.7919","1.166"
"23 Apr 15","1.8201","1.1946"
"22 Apr 15","1.8117","1.2137"
"21 Apr 15","1.6911","1.0997"
"20 Apr 15","1.6978","1.0987"
"17 Apr 15","1.7038","1.0942"
"16 Apr 15","1.7326","1.1095"
"15 Apr 15","1.7005","1.0737"
"14 Apr 15","1.6557","1.0267"
"13 Apr 15","1.732","1.0865"
"10 Apr 15","1.7214","1.0678"
"09 Apr 15","1.6998","1.0872"
"08 Apr 15","1.7129","1.0914"
"07 Apr 15","1.7243","1.0724"
"02 Apr 15","1.7212","1.0745"
"01 Apr 15","1.6625","1.0539"
"31 Mar 15","1.6969","1.0701"
"30 Mar 15","1.685","1.0743"
"27 Mar 15","1.605","1.0588"
"26 Mar 15","1.6953","1.1013"
"25 Mar 15","1.6098","1.008"
"24 Mar 15","1.64","1.0224"
"23 Mar 15","1.6351","1.0192"
"20 Mar 15","1.6426","1.0351"
"19 Mar 15","1.6393","1.0354"
"18 Mar 15","1.711","1.0943"
"17 Mar 15","1.7835","1.1654"
"16 Mar 15","1.7862","1.1621"
"13 Mar 15","1.8083","1.1822"
"12 Mar 15","1.8499","1.2315"
"11 Mar 15","1.9179","1.2682"
"10 Mar 15","1.9109","1.2633"
"09 Mar 15","2.0356","1.3742"
"06 Mar 15","2.0492","1.3938"
"05 Mar 15","1.9601","1.3078"
"04 Mar 15","1.9813","1.3308"
"03 Mar 15","1.9449","1.3001"
"02 Mar 15","1.8822","1.2542"
"27 Feb 15","1.8615","1.2447"
"26 Feb 15","1.8071","1.189"
"25 Feb 15","1.7716","1.1572"
"24 Feb 15","1.8229","1.194"
"23 Feb 15","1.8545","1.2187"
"20 Feb 15","1.8242","1.1901"
"19 Feb 15","1.8777","1.2244"
"18 Feb 15","1.8987","1.2428"
"17 Feb 15","1.8122","1.1717"
"16 Feb 15","1.7498","1.1205"
"13 Feb 15","1.7275","1.1042"
"12 Feb 15","1.7242","1.1061"
"11 Feb 15","1.7407","1.1351"
"10 Feb 15","1.7247","1.1299"
"09 Feb 15","1.668","1.0929"
"06 Feb 15","1.7029","1.1332"
"05 Feb 15","1.6045","1.0466"
"04 Feb 15","1.5882","1.0366"
"03 Feb 15","1.5283","0.9967"
"02 Feb 15","1.4403","0.9251"
"30 Jan 15","1.3979","0.8834"
"29 Jan 15","1.4751","0.9389"
"28 Jan 15","1.5146","0.9663"
"27 Jan 15","1.526","0.9765"
"26 Jan 15","1.5472","0.995"
"23 Jan 15","1.5168","0.9468"
"22 Jan 15","1.5542","0.9903"
"21 Jan 15","1.5318","0.9761"
"20 Jan 15","1.5854","1.0358"
"19 Jan 15","1.5804","1.021"
"16 Jan 15","1.5961","1.0312"
"15 Jan 15","1.5734","1.0043"
"14 Jan 15","1.566","0.9962"
"13 Jan 15","1.6388","1.0464"
"12 Jan 15","1.6276","1.0233"
"09 Jan 15","1.6342","1.0359"
"08 Jan 15","1.697","1.0815"
"07 Jan 15","1.6584","1.0467"
"06 Jan 15","1.6465","1.0268"
"05 Jan 15","1.7162","1.0912"
"02 Jan 15","1.7846","1.1409"
"31 Dec 14","1.8155","1.1641"
"30 Dec 14","1.8597","1.1977"
"29 Dec 14","1.8749","1.2079"
"24 Dec 14","1.95","1.2785"
"23 Dec 14","1.9206","1.2538"
"22 Dec 14","1.8923","1.2277"
"19 Dec 14","1.9185","1.2564"
"18 Dec 14","1.9308","1.2763"
"17 Dec 14","1.8177","1.1773"
"16 Dec 14","1.8269","1.1909"
"15 Dec 14","1.868","1.2206"
"12 Dec 14","1.8541","1.2055"
"11 Dec 14","1.9608","1.2978"
"10 Dec 14","1.9687","1.3014"
"09 Dec 14","1.9481","1.2839"
"08 Dec 14","2.0268","1.349"
"05 Dec 14","2.0614","1.3786"
"04 Dec 14","2.026","1.3391"
"03 Dec 14","2.0452","1.3597"
"02 Dec 14","2.0096","1.3142"
"01 Dec 14","1.927","1.2382"
"28 Nov 14","1.9575","1.2754"
"27 Nov 14","1.959","1.2601"
"26 Nov 14","1.9997","1.2983"
"25 Nov 14","2.0356","1.3228"
"24 Nov 14","2.0792","1.356"
"21 Nov 14","2.0802","1.3498"
"20 Nov 14","2.1282","1.392"
"19 Nov 14","2.1661","1.4265"
"18 Nov 14","2.1517","1.4106"
"17 Nov 14","2.1521","1.4024"
"14 Nov 14","2.1738","1.4317"
"13 Nov 14","2.2124","1.4713"
"12 Nov 14","2.22","1.4845"
"11 Nov 14","2.2647","1.5329"
"10 Nov 14","2.2216","1.4894"
"07 Nov 14","2.2418","1.5052"
"06 Nov 14","2.279","1.5397"
"05 Nov 14","2.2916","1.5541"
"04 Nov 14","2.2638","1.5242"
"03 Nov 14","2.3082","1.5667"
"31 Oct 14","2.284","1.5318"
"30 Oct 14","2.254","1.4973"
"29 Oct 14","2.2731","1.5124"
"28 Oct 14","2.2545","1.507"
"27 Oct 14","2.2325","1.491"
"24 Oct 14","2.252","1.5137"
"23 Oct 14","2.2497","1.5046"
"22 Oct 14","2.2102","1.4788"
"21 Oct 14","2.1836","1.4582"
"20 Oct 14","2.167","1.445"
"17 Oct 14","2.2035","1.4814"
"16 Oct 14","2.0916","1.366"
"15 Oct 14","2.0149","1.2456"
"14 Oct 14","2.1454","1.4091"
"13 Oct 14","2.1791","1.4588"
"10 Oct 14","2.2412","1.5234"
"09 Oct 14","2.281","1.5567"
"08 Oct 14","2.2753","1.5618"
"07 Oct 14","2.3213","1.6073"
"06 Oct 14","2.3842","1.6652"
"03 Oct 14","2.4114","1.6984"
"02 Oct 14","2.3706","1.6537"
"01 Oct 14","2.3991","1.6852"
"30 Sep 14","2.4504","1.7401"
"29 Sep 14","2.4689","1.7542"
"26 Sep 14","2.485","1.7677"
"25 Sep 14","2.4771","1.7665"
"24 Sep 14","2.4861","1.7962"
"23 Sep 14","2.492","1.7916"
"22 Sep 14","2.5161","1.8069"
"19 Sep 14","2.5525","1.8242"
"18 Sep 14","2.5835","1.8396"
"17 Sep 14","2.5317","1.7712"
"16 Sep 14","2.5315","1.7557"
"15 Sep 14","2.5371","1.7628"
"12 Sep 14","2.5323","1.7608"
"11 Sep 14","2.4946","1.7167"
"10 Sep 14","2.4959","1.7103"
"09 Sep 14","2.4688","1.6917"
"08 Sep 14","2.4555","1.6774"
"05 Sep 14","2.4676","1.7074"
"04 Sep 14","2.492","1.7453"
"03 Sep 14","2.4729","1.736"
"02 Sep 14","2.4378","1.7085"
"01 Sep 14","2.3924","1.6798"
"29 Aug 14","2.375","1.6623"
"28 Aug 14","2.3752","1.6596"
"27 Aug 14","2.3737","1.6461"
"26 Aug 14","2.4474","1.7067"
"22 Aug 14","2.5175","1.7664"
"21 Aug 14","2.509","1.7512"
"20 Aug 14","2.5202","1.7747"
"19 Aug 14","2.5004","1.7405"
"18 Aug 14","2.5376","1.7842"
"15 Aug 14","2.4687","1.7153"
"14 Aug 14","2.539","1.7685"
"13 Aug 14","2.55","1.777"
"12 Aug 14","2.5999","1.8522"
"11 Aug 14","2.6043","1.8637"
"08 Aug 14","2.5631","1.8304"
"07 Aug 14","2.6011","1.8558"
"06 Aug 14","2.6234","1.8738"
"05 Aug 14","2.6823","1.9165"
"04 Aug 14","2.6434","1.8763"
"01 Aug 14","2.6623","1.8912"
"31 Jul 14","2.7179","1.9415"
"30 Jul 14","2.6981","1.9307"
"29 Jul 14","2.6483","1.8802"
"28 Jul 14","2.6832","1.9139"
"25 Jul 14","2.6726","1.8996"
"24 Jul 14","2.7051","1.9321"
"23 Jul 14","2.6589","1.8819"
"22 Jul 14","2.6878","1.9111"
"21 Jul 14","2.6659","1.8806"
"18 Jul 14","2.6797","1.8979"
"17 Jul 14","2.6941","1.901"
"16 Jul 14","2.7564","1.9621"
"15 Jul 14","2.7546","1.9617"
"14 Jul 14","2.7131","1.9053"
"11 Jul 14","2.7129","1.9027"
"10 Jul 14","2.7328","1.9326"
"09 Jul 14","2.7674","1.9638"
"08 Jul 14","2.7618","1.9463"
"07 Jul 14","2.8328","2.0173"
"04 Jul 14","2.8537","2.0375"
"03 Jul 14","2.8466","2.028"
"02 Jul 14","2.8435","2.0363"
"01 Jul 14","2.8008","1.9847"
"30 Jun 14","2.7673","1.9443"
"27 Jun 14","2.7337","1.9117"
"26 Jun 14","2.7349","1.9081"
"25 Jun 14","2.7455","1.9103"
"24 Jun 14","2.8256","1.9945"
"23 Jun 14","2.8211","1.9888"
"20 Jun 14","2.8521","2.0246"
"19 Jun 14","2.818","1.9828"
"18 Jun 14","2.8099","1.9773"
"17 Jun 14","2.853","2.0201"
"16 Jun 14","2.829","1.9976"
"13 Jun 14","2.8397","1.9804"
"12 Jun 14","2.7858","1.9318"
"11 Jun 14","2.7807","1.9254"
"10 Jun 14","2.795","1.9396"
"09 Jun 14","2.7661","1.9029"
"06 Jun 14","2.7486","1.8405"
"05 Jun 14","2.7706","1.8727"
"04 Jun 14","2.7807","1.8876"
"03 Jun 14","2.7186","1.8632"
"02 Jun 14","2.6929","1.8211"
"30 May 14","2.6507","1.7929"
"29 May 14","2.6112","1.7526"
"28 May 14","2.6293","1.768"
"27 May 14","2.7077","1.8485"
"23 May 14","2.7044","1.8346"
"22 May 14","2.7202","1.8645"
"21 May 14","2.7121","1.854"
"20 May 14","2.6981","1.8242"
"19 May 14","2.6585","1.7939"
"16 May 14","2.6357","1.772"
"15 May 14","2.6014","1.7355"
"14 May 14","2.6682","1.7965"
"13 May 14","2.7438","1.9051"
"12 May 14","2.8274","1.9532"
"09 May 14","2.7654","1.895"
"08 May 14","2.7297","1.8801"
"07 May 14","2.7465","1.8761"
"06 May 14","2.7368","1.8881"
"02 May 14","2.6985","1.8522"
"01 May 14","2.7334","1.8424"
"30 Apr 14","2.7658","1.8501"
"29 Apr 14","2.7491","1.8492"
"28 Apr 14","2.723","1.8471"
"25 Apr 14","2.72","1.824"
"24 Apr 14","2.7428","1.8323"
"23 Apr 14","2.7444","1.8411"
"22 Apr 14","2.773","1.8672"
"17 Apr 14","2.7103","1.809"
"16 Apr 14","2.6848","1.7627"
"15 Apr 14","2.6837","1.7076"
"14 Apr 14","2.7298","1.7378"
"11 Apr 14","2.6815","1.7258"
"10 Apr 14","2.7017","1.6928"
"09 Apr 14","2.7873","1.7947"
"08 Apr 14","2.7337","1.7927"
"07 Apr 14","2.7261","1.7722"
"04 Apr 14","2.7703","1.7631"
"03 Apr 14","2.794","1.8505"
"02 Apr 14","2.8137","1.873"
"01 Apr 14","2.7993","1.8521"
"31 Mar 14","2.7899","1.8535"
"28 Mar 14","2.7682","1.8533"
"27 Mar 14","2.7398","1.7829"
"26 Mar 14","2.7474","1.8054"
"25 Mar 14","2.7565","1.8076"
"24 Mar 14","2.7415","1.7902"
"21 Mar 14","2.7852","1.8302"
"20 Mar 14","2.8358","1.8022"
"19 Mar 14","2.7659","1.7381"
"18 Mar 14","2.7453","1.7229"
"17 Mar 14","2.7692","1.7454"
"14 Mar 14","2.7236","1.7304"
"13 Mar 14","2.7743","1.7237"
"12 Mar 14","2.8209","1.7662"
"11 Mar 14","2.8464","1.7838"
"10 Mar 14","2.8556","1.7957"
"07 Mar 14","2.8476","1.7831"
"06 Mar 14","2.8331","1.777"
"05 Mar 14","2.7891","1.7446"
"04 Mar 14","2.7686","1.726"
"03 Mar 14","2.7527","1.7187"
"28 Feb 14","2.8093","1.7717"
"27 Feb 14","2.7553","1.715"
"26 Feb 14","2.8113","1.7814"
"25 Feb 14","2.8245","1.7744"
"24 Feb 14","2.8257","1.8086"
"21 Feb 14","2.8463","1.8097"
"20 Feb 14","2.8705","1.8217"
"19 Feb 14","2.8093","1.7562"
"18 Feb 14","2.8167","1.7824"
"17 Feb 14","2.8423","1.8262"
"14 Feb 14","2.8641","1.8468"
"13 Feb 14","2.8506","1.8216"
"12 Feb 14","2.8809","1.8455"
"11 Feb 14","2.8027","1.731"
"10 Feb 14","2.8001","1.7221"
"07 Feb 14","2.7842","1.7053"
"06 Feb 14","2.8155","1.738"
"05 Feb 14","2.7464","1.6856"
"04 Feb 14","2.7601","1.7332"
"03 Feb 14","2.778","1.738"
"31 Jan 14","2.7847","1.7349"
"30 Jan 14","2.8146","1.7844"
"29 Jan 14","2.8273","1.7809"
"28 Jan 14","2.8746","1.8461"
"27 Jan 14","2.8436","1.8099"
"24 Jan 14","2.829","1.7997"
"23 Jan 14","2.8647","1.8492"
"22 Jan 14","2.9206","1.9201"
"21 Jan 14","2.8867","1.8533"
"20 Jan 14","2.8781","1.8341"
"17 Jan 14","2.8869","1.833"
"16 Jan 14","2.8661","1.8002"
"15 Jan 14","2.913","1.8559"
"14 Jan 14","2.8808","1.8182"
"13 Jan 14","2.8824","1.8107"
"10 Jan 14","2.9304","1.8681"
"09 Jan 14","3.0149","1.9521"
"08 Jan 14","3.0196","1.9442"
"07 Jan 14","2.9873","1.8972"
"06 Jan 14","3.0049","1.9103"
"03 Jan 14","3.0541","1.9496"
"02 Jan 14","3.0557","1.9494"
"31 Dec 13","3.0466","1.9661"
"30 Dec 13","3.0476","1.9806"
"27 Dec 13","3.1049","2.0117"
"24 Dec 13","3.007","1.9217"
"23 Dec 13","2.9906","1.8989"
"20 Dec 13","2.9655","1.8505"
"19 Dec 13","2.9818","1.8427"
"18 Dec 13","2.9384","1.7783"
"17 Dec 13","2.9014","1.7251"
"16 Dec 13","2.9036","1.7323"
"13 Dec 13","2.9206","1.7442"
"12 Dec 13","2.9249","1.7498"
"11 Dec 13","2.8957","1.7179"
"10 Dec 13","2.9021","1.7262"
"09 Dec 13","2.9326","1.7495"
"06 Dec 13","2.9116","1.7248"
"05 Dec 13","2.9221","1.7194"
"04 Dec 13","2.9071","1.7105"
"03 Dec 13","2.8429","1.6514"
"02 Dec 13","2.8689","1.6711"
"29 Nov 13","2.7939","1.5969"
"28 Nov 13","2.7702","1.5661"
"27 Nov 13","2.7806","1.5792"
"26 Nov 13","2.7587","1.5569"
"25 Nov 13","2.7822","1.5825"
"22 Nov 13","2.8178","1.6049"
"21 Nov 13","2.8456","1.6313"
"20 Nov 13","2.7489","1.5532"
"19 Nov 13","2.7378","1.5462"
"18 Nov 13","2.7345","1.5321"
"15 Nov 13","2.7508","1.5501"
"14 Nov 13","2.774","1.5745"
"13 Nov 13","2.8057","1.6125"
"12 Nov 13","2.8055","1.6144"
"11 Nov 13","2.8095","1.6377"
"08 Nov 13","2.7775","1.604"
"07 Nov 13","2.6931","1.5153"
"06 Nov 13","2.7306","1.5722"
"05 Nov 13","2.7293","1.5775"
"04 Nov 13","2.6495","1.4825"
"01 Nov 13","2.6601","1.4993"
"31 Oct 13","2.6283","1.4805"
"30 Oct 13","2.5453","1.4158"
"29 Oct 13","2.6114","1.4656"
"28 Oct 13","2.6274","1.4877"
"25 Oct 13","2.6245","1.4719"
"24 Oct 13","2.6404","1.486"
"23 Oct 13","2.6073","1.4526"
"22 Oct 13","2.6385","1.4826"
"21 Oct 13","2.7327","1.5815"
"18 Oct 13","2.712","1.5551"
"17 Oct 13","2.7387","1.5798"
"16 Oct 13","2.8187","1.6548"
"15 Oct 13","2.7756","1.6293"
"14 Oct 13","2.734","1.5722"
"11 Oct 13","2.7118","1.5536"
"10 Oct 13","2.7202","1.563"
"09 Oct 13","2.6658","1.5262"
"08 Oct 13","2.6821","1.5594"
"07 Oct 13","2.6789","1.5591"
"04 Oct 13","2.7056","1.5825"
"03 Oct 13","2.6621","1.5202"
"02 Oct 13","2.6685","1.5079"
"01 Oct 13","2.6736","1.519"
"30 Sep 13","2.6788","1.5172"
"27 Sep 13","2.6794","1.5106"
"26 Sep 13","2.7161","1.5344"
"25 Sep 13","2.7228","1.5397"
"24 Sep 13","2.7798","1.5863"
"23 Sep 13","2.8606","1.6701"
"20 Sep 13","2.8889","1.6955"
"19 Sep 13","2.8599","1.6741"
"18 Sep 13","2.9576","1.7936"
"17 Sep 13","2.898","1.7163"
"16 Sep 13","2.8369","1.6475"
"13 Sep 13","2.872","1.6811"
"12 Sep 13","2.894","1.7022"
"11 Sep 13","2.9533","1.7662"
"10 Sep 13","2.9667","1.7905"
"09 Sep 13","2.8924","1.7154"
"06 Sep 13","2.8782","1.7076"
"05 Sep 13","2.9464","1.775"
"04 Sep 13","2.8202","1.6237"
"03 Sep 13","2.8325","1.6354"
"02 Sep 13","2.7966","1.5873"
"30 Aug 13","2.7429","1.5296"
"29 Aug 13","2.738","1.5231"
"28 Aug 13","2.762","1.5529"
"27 Aug 13","2.7328","1.5196"
"23 Aug 13","2.8253","1.602"
"22 Aug 13","2.8372","1.5872"
"21 Aug 13","2.839","1.5812"
"20 Aug 13","2.8045","1.5424"
"19 Aug 13","2.8617","1.6146"
"16 Aug 13","2.8197","1.5724"
"15 Aug 13","2.8016","1.5583"
"14 Aug 13","2.7496","1.4992"
"13 Aug 13","2.7272","1.4782"
"12 Aug 13","2.5959","1.3581"
"09 Aug 13","2.5984","1.3508"
"08 Aug 13","2.6078","1.3607"
"07 Aug 13","2.5925","1.3683"
"06 Aug 13","2.6016","1.3615"
"05 Aug 13","2.5853","1.3417"
"02 Aug 13","2.5449","1.2942"
"01 Aug 13","2.517","1.2572"
"31 Jul 13","2.4734","1.2193"
"30 Jul 13","2.4363","1.1997"
"29 Jul 13","2.4499","1.2109"
"26 Jul 13","2.4526","1.2073"
"25 Jul 13","2.506","1.2744"
"24 Jul 13","2.5091","1.2842"
"23 Jul 13","2.4295","1.2161"
"22 Jul 13","2.3924","1.1743"
"19 Jul 13","2.4145","1.1861"
"18 Jul 13","2.3837","1.1393"
"17 Jul 13","2.4134","1.1774"
"16 Jul 13","2.3914","1.181"
"15 Jul 13","2.4524","1.2556"
"12 Jul 13","2.4322","1.2363"
"11 Jul 13","2.4873","1.2845"
"10 Jul 13","2.5131","1.3075"
"09 Jul 13","2.5374","1.3102"
"08 Jul 13","2.5834","1.3756"
"05 Jul 13","2.5845","1.3959"
"04 Jul 13","2.4911","1.3212"
"03 Jul 13","2.4961","1.3535"
"02 Jul 13","2.4864","1.3287"
"01 Jul 13","2.5161","1.3566"
"28 Jun 13","2.5351","1.367"
"27 Jun 13","2.5052","1.3779"
"26 Jun 13","2.5363","1.3929"
"25 Jun 13","2.6049","1.5014"
"24 Jun 13","2.6384","1.5728"
"21 Jun 13","2.4929","1.4039"
"20 Jun 13","2.396","1.3492"
"19 Jun 13","2.2256","1.1516"
"18 Jun 13","2.2364","1.157"
"17 Jun 13","2.1856","1.1031"
"14 Jun 13","2.1676","1.0918"
"13 Jun 13","2.2209","1.1445"
"12 Jun 13","2.2512","1.1751"
"11 Jun 13","2.2712","1.2125"
"10 Jun 13","2.2274","1.1293"
"07 Jun 13","2.1663","1.0735"
"06 Jun 13","2.1281","1.0297"
"05 Jun 13","2.1105","1.0083"
"04 Jun 13","2.1347","1.0328"
"03 Jun 13","2.0915","0.9927"
"31 May 13","2.0944","1.0024"
"30 May 13","2.0465","0.9652"
"29 May 13","2.083","0.9937"
"28 May 13","2.0382","0.9562"
"24 May 13","1.979","0.904"
"23 May 13","1.9972","0.9103"
"22 May 13","1.9802","0.8911"
"21 May 13","2.0146","0.9248"
"20 May 13","1.9953","0.9133"
"17 May 13","1.9696","0.8901"
"16 May 13","1.9535","0.8748"
"15 May 13","2.0067","0.9271"
"14 May 13","1.977","0.8988"
"13 May 13","1.9583","0.8853"
"10 May 13","1.9629","0.8969"
"09 May 13","1.8626","0.8138"
"08 May 13","1.8434","0.8006"
"07 May 13","1.8694","0.8239"
"03 May 13","1.8036","0.7704"
"02 May 13","1.6924","0.668"
"01 May 13","1.7432","0.7059"
"30 Apr 13","1.7478","0.7128"
"29 Apr 13","1.7343","0.7"
"26 Apr 13","1.7647","0.7234"
"25 Apr 13","1.8018","0.751"
"24 Apr 13","1.7698","0.7208"
"23 Apr 13","1.7729","0.7282"
"22 Apr 13","1.7306","0.6909"
"19 Apr 13","1.7464","0.7085"
"18 Apr 13","1.7487","0.6924"
"17 Apr 13","1.7663","0.6998"
"16 Apr 13","1.8088","0.7314"
"15 Apr 13","1.7928","0.7136"
"12 Apr 13","1.809","0.7222"
"11 Apr 13","1.8491","0.7592"
"10 Apr 13","1.8514","0.7689"
"09 Apr 13","1.8033","0.7336"
"08 Apr 13","1.7617","0.7069"
"05 Apr 13","1.7052","0.6545"
"04 Apr 13","1.7916","0.7098"
"03 Apr 13","1.8275","0.7184"
"02 Apr 13","1.8466","0.7326"
"28 Mar 13","1.8401","0.7267"
"27 Mar 13","1.8087","0.7002"
"26 Mar 13","1.8555","0.7341"
"25 Mar 13","1.8876","0.7561"
"22 Mar 13","1.9163","0.779"
"21 Mar 13","1.9317","0.7809"
"20 Mar 13","1.9325","0.7737"
"19 Mar 13","1.9062","0.7658"
"18 Mar 13","1.9682","0.8051"
"15 Mar 13","2.0147","0.8419"
"14 Mar 13","2.045","0.8634"
"13 Mar 13","2.0443","0.8625"
"12 Mar 13","2.0448","0.857"
"11 Mar 13","2.0848","0.8956"
"08 Mar 13","2.121","0.9367"
"07 Mar 13","2.0908","0.9124"
"06 Mar 13","2.0367","0.8659"
"05 Mar 13","2.0517","0.8886"
"04 Mar 13","1.991","0.8495"
"01 Mar 13","1.9638","0.828"
"28 Feb 13","2.0514","0.8921"
"27 Feb 13","2.0441","0.8769"
"26 Feb 13","2.0739","0.8815"
"25 Feb 13","2.1872","0.9695"
"22 Feb 13","2.1873","0.9845"
"21 Feb 13","2.1906","0.9731"
"20 Feb 13","2.2785","1.0471"
"19 Feb 13","2.2554","1.0519"
"18 Feb 13","2.2651","1.066"
"15 Feb 13","2.2668","1.074"
"14 Feb 13","2.2658","1.0631"
"13 Feb 13","2.2711","1.0999"
"12 Feb 13","2.1744","1.0254"
"11 Feb 13","2.1592","1.0191"
"08 Feb 13","2.1474","1.0211"
"07 Feb 13","2.1565","1.0301"
"06 Feb 13","2.1494","1.0274"
"05 Feb 13","2.1684","1.0482"
"04 Feb 13","2.1358","1.028"
"01 Feb 13","2.1331","1.0358"
"31 Jan 13","2.1341","1.0487"
"30 Jan 13","2.1561","1.0736"
"29 Jan 13","2.1137","1.0394"
"28 Jan 13","2.1371","1.0635"
"25 Jan 13","2.0985","1.0294"
"24 Jan 13","2.0573","0.9987"
"23 Jan 13","2.0275","0.9767"
"22 Jan 13","2.0546","1.0151"
"21 Jan 13","2.0824","1.035"
"18 Jan 13","2.0443","0.9955"
"17 Jan 13","2.0673","1.0121"
"16 Jan 13","2.0286","0.977"
"15 Jan 13","2.0431","0.9941"
"14 Jan 13","2.0553","1.0131"
"11 Jan 13","2.107","1.0571"
"10 Jan 13","2.1099","1.0594"
"09 Jan 13","2.0474","1.0143"
"08 Jan 13","2.0484","1.0196"
"07 Jan 13","2.1075","1.0816"
"04 Jan 13","2.1426","1.1178"
"03 Jan 13","2.085","1.0646"
"02 Jan 13","2.0017","0.9937"
"31 Dec 12","1.8378","0.8638"
"28 Dec 12","1.8322","0.8575"
"27 Dec 12","1.8356","0.842"
"24 Dec 12","1.9183","0.92"
"21 Dec 12","1.9164","0.9126"
"20 Dec 12","1.9574","0.9588"
"19 Dec 12","1.9789","0.9702"
"18 Dec 12","1.9599","0.9563"
"17 Dec 12","1.8898","0.8954"
"14 Dec 12","1.8717","0.8754"
"13 Dec 12","1.8619","0.854"
"12 Dec 12","1.8253","0.8202"
"11 Dec 12","1.8045","0.8033"
"10 Dec 12","1.7749","0.7765"
"07 Dec 12","1.7411","0.7493"
"06 Dec 12","1.7396","0.7447"
"05 Dec 12","1.7515","0.7863"
"04 Dec 12","1.7901","0.8276"
"03 Dec 12","1.8004","0.85"
"30 Nov 12","1.7501","0.8082"
"29 Nov 12","1.7529","0.7941"
"28 Nov 12","1.7482","0.7885"
"27 Nov 12","1.8293","0.8643"
"26 Nov 12","1.8201","0.8491"
"23 Nov 12","1.8244","0.8449"
"22 Nov 12","1.8219","0.8412"
"21 Nov 12","1.8363","0.8429"
"20 Nov 12","1.8312","0.8334"
"19 Nov 12","1.7632","0.7798"
"16 Nov 12","1.7162","0.7317"
"15 Nov 12","1.7272","0.728"
"14 Nov 12","1.7385","0.7326"
"13 Nov 12","1.6961","0.7017"
"12 Nov 12","1.7011","0.6941"
"09 Nov 12","1.7107","0.7003"
"08 Nov 12","1.7473","0.715"
"07 Nov 12","1.7367","0.7022"
"06 Nov 12","1.7926","0.753"
"05 Nov 12","1.7989","0.7623"
"02 Nov 12","1.8382","0.8099"
"01 Nov 12","1.8482","0.8256"
"31 Oct 12","1.8304","0.8094"
"30 Oct 12","1.8031","0.7852"
"29 Oct 12","1.7756","0.7528"
"26 Oct 12","1.8445","0.8094"
"25 Oct 12","1.8971","0.8515"
"24 Oct 12","1.829","0.8013"
"23 Oct 12","1.8078","0.7799"
"22 Oct 12","1.8823","0.8409"
"19 Oct 12","1.8648","0.8236"
"18 Oct 12","1.8829","0.8482"
"17 Oct 12","1.8839","0.8494"
"16 Oct 12","1.7853","0.7619"
"15 Oct 12","1.7164","0.6956"
"12 Oct 12","1.6929","0.6742"
"11 Oct 12","1.7436","0.7221"
"10 Oct 12","1.7315","0.7146"
"09 Oct 12","1.6868","0.6592"
"08 Oct 12","1.687","0.6549"
"05 Oct 12","1.7283","0.6953"
"04 Oct 12","1.6603","0.6387"
"03 Oct 12","1.6482","0.6307"
"02 Oct 12","1.6776","0.6608"
"01 Oct 12","1.6986","0.6853"
"28 Sep 12","1.6637","0.6563"
"27 Sep 12","1.668","0.6729"
"26 Sep 12","1.6287","0.6518"
"25 Sep 12","1.7713","0.7555"
"24 Sep 12","1.764","0.753"
"21 Sep 12","1.7865","0.7744"
"20 Sep 12","1.7367","0.74"
"19 Sep 12","1.7797","0.768"
"18 Sep 12","1.8302","0.8075"
"17 Sep 12","1.8719","0.8386"
"14 Sep 12","1.9042","0.8614"
"13 Sep 12","1.7588","0.7333"
"12 Sep 12","1.7855","0.7508"
"11 Sep 12","1.6875","0.6524"
"10 Sep 12","1.689","0.6474"
"07 Sep 12","1.6443","0.5998"
"06 Sep 12","1.668","0.626"
"05 Sep 12","1.602","0.5728"
"04 Sep 12","1.5905","0.5594"
"03 Sep 12","1.6143","0.5803"
"31 Aug 12","1.6","0.5753"
"30 Aug 12","1.571","0.5683"
"29 Aug 12","1.6217","0.6187"
"28 Aug 12","1.6038","0.5959"
"24 Aug 12","1.6352","0.6331"
"23 Aug 12","1.676","0.6806"
"22 Aug 12","1.7296","0.7166"
"21 Aug 12","1.8051","0.7703"
"20 Aug 12","1.7548","0.7132"
"17 Aug 12","1.7649","0.7163"
"16 Aug 12","1.78","0.7349"
"15 Aug 12","1.7753","0.7236"
"14 Aug 12","1.6994","0.6579"
"13 Aug 12","1.6642","0.6259"
"10 Aug 12","1.6408","0.6109"
"09 Aug 12","1.7119","0.675"
"08 Aug 12","1.6732","0.6441"
"07 Aug 12","1.6846","0.6428"
"06 Aug 12","1.6039","0.5779"
"03 Aug 12","1.6513","0.6159"
"02 Aug 12","1.5511","0.522"
"01 Aug 12","1.6183","0.5802"
"31 Jul 12","1.575","0.5523"
"30 Jul 12","1.6481","0.6131"
"27 Jul 12","1.6421","0.6083"
"26 Jul 12","1.584","0.5544"
"25 Jul 12","1.5605","0.5186"
"24 Jul 12","1.5687","0.5324"
"23 Jul 12","1.5756","0.5393"
"20 Jul 12","1.5842","0.555"
"19 Jul 12","1.6219","0.595"
"18 Jul 12","1.5763","0.5671"
"17 Jul 12","1.6017","0.6093"
"16 Jul 12","1.6059","0.6273"
"13 Jul 12","1.6501","0.6611"
"12 Jul 12","1.63","0.6499"
"11 Jul 12","1.659","0.6658"
"10 Jul 12","1.6849","0.6879"
"09 Jul 12","1.6826","0.6804"
"06 Jul 12","1.7066","0.69"
"05 Jul 12","1.7586","0.7422"
"04 Jul 12","1.8142","0.8255"
"03 Jul 12","1.8376","0.8436"
"02 Jul 12","1.7826","0.7841"
"29 Jun 12","1.8224","0.8134"
"28 Jun 12","1.7273","0.7434"
"27 Jun 12","1.7701","0.7794"
"26 Jun 12","1.7727","0.7775"
"25 Jun 12","1.7613","0.7741"
"22 Jun 12","1.8054","0.8161"
"21 Jun 12","1.774","0.7692"
"20 Jun 12","1.8394","0.815"
"19 Jun 12","1.8207","0.7858"
"18 Jun 12","1.7626","0.7579"